bottleneck_type,destroy_operator,selection_count,selection_rate,accepted_count,acceptance_rate,improving_count,improvement_rate,new_global_best_count,global_best_rate,mean_immediate_delta,median_immediate_delta,mean_positive_delta,mean_relative_positive_improvement,mean_runtime,mean_decoder_evaluations,mean_destroy_count,mean_destroy_fraction,mean_critical_path_overlap,mean_critical_resource_overlap,mean_reconfiguration_contribution,mean_W_delay_contribution,mean_F_delay_contribution,mean_sync_delay_contribution,total_global_best_reduction_attributed_to_operator,fraction_of_total_best_reduction
CROSS_RESOURCE_SYNCHRONIZATION,critical,9790,0.02722673838135789,340,0.03472931562819203,165,0.016853932584269662,19,0.001940755873340143,-177.39744637385087,-169.0,56.13333333333333,0.017387415470948926,0.077075194293259,7.99785495403473,12.280592441266599,0.14999999999999997,0.23198926870763695,0.4921308061078268,13.019805895169378,56.202210355799636,79.65421079356388,0.0,609.0,0.010519043095258657
CROSS_RESOURCE_SYNCHRONIZATION,f_bottleneck,9286,0.025825075853859996,116,0.01249192332543614,58,0.00624596166271807,2,0.00021537798836958864,-249.50172302390695,-232.0,65.65517241379311,0.01979317111334499,0.076569811806267,7.998815421063967,12.255545983200516,0.14999999999999997,0.024041236988530015,0.07216945085970262,19.648548374154014,97.33178843762386,121.66500379464148,0.0,42.0,0.0007254512479488729
CROSS_RESOURCE_SYNCHRONIZATION,high_reconfiguration,9656,0.026854074137935828,299,0.03096520298260149,160,0.016570008285004142,18,0.001864125932062966,-221.3064415907208,-209.0,63.6375,0.01799734196560369,0.0795207486987363,7.9957539353769675,12.511495443247721,0.14999999999999997,0.025327510996675278,0.09560300647804432,48.16132943491104,101.54520043595141,131.69205331185233,0.0,542.0,0.0093617756282926
CROSS_RESOURCE_SYNCHRONIZATION,overloaded_island,9571,0.026617682640242734,320,0.03343433288057674,158,0.016508201859784768,29,0.003029986417302267,-197.88381569324,-188.0,52.778481012658226,0.017897693699604752,0.07779946324710169,7.998746212516979,12.366210427332566,0.14999999999999997,0.04095254577405991,0.03152419261047512,15.46627847946693,80.16262059354001,119.16161914352898,0.0,1055.0,0.018222644442525263
CROSS_RESOURCE_SYNCHRONIZATION,random,9937,0.027635556618544773,349,0.03512126396296669,191,0.01922109288517661,28,0.0028177518365703935,-202.48334507396598,-195.0,60.43979057591623,0.018849044507027936,0.07917905554281862,7.998087954110899,12.452953607728691,0.14999999999999997,0.03782704110749297,0.10128358441703882,20.679607302073478,90.20699312824304,121.5690010378837,0.0,638.0,0.011019949909318594
CROSS_RESOURCE_SYNCHRONIZATION,related,10184,0.02832248250007648,510,0.05007855459544383,302,0.029654359780047133,71,0.00697172034564022,-168.19933228593874,-163.0,62.87417218543046,0.018712034731777155,0.08136298929674037,7.997839748625295,12.68155930871956,0.14999999999999997,0.04201118266400714,0.10721495219455633,20.666239832427483,93.47436053450953,124.34326353656917,0.0,2016.0,0.034821659901545905
CROSS_RESOURCE_SYNCHRONIZATION,w_bottleneck,9535,0.026517563888278597,245,0.025694808599895123,118,0.012375458835867855,22,0.0023072889355007864,-231.23628736234923,-209.0,61.32203389830509,0.020368346068335732,0.07703266283041263,7.998531725222863,12.314105925537493,0.14999999999999997,0.01941146419797092,0.08976142889381478,20.541739810224527,132.85319927056884,159.71815476602848,0.0,538.0,0.00929268503324985
F_LOGISTICS,critical,1668,0.004638835507671599,76,0.045563549160671464,23,0.013788968824940047,4,0.002398081534772182,-215.42565947242207,-185.0,85.34782608695652,0.020201612347298618,0.08654741460911462,8.0,13.594724220623501,0.14999999999999997,0.08795761384211603,0.525204447367727,15.468974021756763,56.18688848888836,130.9336080948353,0.0,143.0,0.0024699887727783055
F_LOGISTICS,f_bottleneck,1569,0.004363508939770227,30,0.019120458891013385,9,0.0057361376673040155,3,0.0019120458891013384,-265.1312938177183,-235.0,115.11111111111111,0.036671958301273996,0.08560647364372474,8.0,13.632249840662842,0.14999999999999997,0.004210234796679397,0.1147789120144506,20.46319254141406,97.2862763580662,141.86848242337825,0.0,95.0,0.001640901632265308
F_LOGISTICS,high_reconfiguration,1642,0.004566527520141946,60,0.03654080389768575,23,0.014007308160779537,8,0.0048721071863581,-233.57673568818515,-207.0,73.47826086956522,0.0189244809803052,0.087932146632759,8.0,13.685140073081607,0.14999999999999997,0.02271325569900809,0.13771468481753293,49.586909185669086,129.34607541242465,160.9522362433686,0.0,460.0,0.007945418429916227
F_LOGISTICS,overloaded_island,1769,0.004919724228459868,88,0.0497456189937818,30,0.016958733747880157,5,0.002826455624646693,-195.39344262295083,-171.0,54.8,0.017834670757646335,0.08238185269869637,7.997738835500282,13.192198982475976,0.14999999999999994,0.019604271066243698,0.03760390275890852,14.294757888763321,83.57776804033783,149.895607209885,0.0,183.0,0.0031608947232058034
F_LOGISTICS,random,1677,0.004663865195662633,70,0.04174120453190221,30,0.017889087656529516,14,0.008348240906380441,-213.5551580202743,-193.0,79.9,0.020636124179831305,0.08210655345915045,7.998211091234347,13.254025044722718,0.14999999999999997,0.013843548551462932,0.10501228169386533,20.545694598688602,94.99909277106728,144.34803955294777,0.0,1155.0,0.019949909318594007
F_LOGISTICS,related,1730,0.004811262247165388,113,0.0653179190751445,53,0.030635838150289016,22,0.012716763005780347,-182.13005780346822,-171.0,66.98113207547169,0.016079355030843883,0.08516006617803379,8.0,13.508092485549133,0.14999999999999997,0.013830768261874328,0.10468704609587914,20.612388833649796,97.91175053152753,147.6866001441524,0.0,1316.0,0.022730805769064687
F_LOGISTICS,w_bottleneck,1669,0.0046416165841150474,48,0.028759736369083282,18,0.01078490113840623,4,0.002396644697423607,-223.80047932893947,-213.0,80.05555555555556,0.020938662784018423,0.08654949169682283,8.0,13.598562013181546,0.14999999999999994,0.009549575088463061,0.12349278293949481,22.877478062451885,128.96833734445403,136.83351982750503,0.0,303.0,0.0052336125744882975
RECONFIGURATION,critical,13253,0.03685760610501901,808,0.0609673281521165,401,0.030257300233909303,39,0.0029427299479363165,-227.96121632837847,-221.0,62.16708229426434,0.018375540341904598,0.1377755133997599,7.9969063608239646,18.052969139062853,0.14999999999999997,0.09489492904771672,0.408556867175591,19.730046426431894,81.89401910922768,133.10059672658517,0.0,878.0,0.015165385611883582
RECONFIGURATION,f_bottleneck,12272,0.034129370113996325,336,0.027379400260756193,146,0.011897001303780965,7,0.0005704041720990873,-349.523631029987,-330.0,68.0,0.02115295130382503,0.13542327082195124,7.996822033898305,17.96243481095176,0.14999999999999997,0.014843743725406687,0.07612652616290815,24.77989794042489,134.91290369723168,196.952874993342,0.0,211.0,0.0036445288885050523
RECONFIGURATION,high_reconfiguration,13174,0.0366379010659866,842,0.0639137695460756,425,0.03226051313192652,64,0.004858053742219523,-253.08987399423106,-245.0,69.99058823529411,0.019052516304150443,0.14009674540276448,7.999089114923334,18.254061029300136,0.14999999999999997,0.01647628696733108,0.07898689609146174,51.007339617770356,137.67876337429288,186.21619977085214,0.0,2273.0,0.03926073063304258
RECONFIGURATION,overloaded_island,13259,0.036874292563679696,802,0.060487216230484954,416,0.031374915151972244,69,0.0052040123689569345,-253.20687834678333,-229.0,61.73317307692308,0.017340808722452826,0.1350402176864745,7.9984161701485785,17.936571385474018,0.14999999999999997,0.02068131894064177,0.033461043776828105,23.533676819113403,107.77939160155763,169.7544111524965,0.0,2062.0,0.03561620174453752
RECONFIGURATION,random,13697,0.03809240404591001,919,0.06709498430313207,473,0.034533109440023364,78,0.00569467766664233,-240.45739943053223,-229.0,60.48202959830867,0.017026303560074504,0.14018387583733932,7.997663721982916,18.254216251733958,0.14999999999999997,0.014562115834886435,0.08770586481957411,23.850951971895796,131.22523053016204,184.48881806347455,0.0,2485.0,0.042922532170308315
RECONFIGURATION,related,14331,0.03985560651105617,1292,0.09015421115065243,733,0.05114786127974321,149,0.010397041378829111,-190.98499755774196,-185.0,67.85538881309687,0.01764285136942931,0.14045085173483962,7.99637150233759,18.37875933291466,0.14999999999999997,0.015056562755318026,0.09055318192859939,24.105455810390488,132.5209288162915,185.83386557682363,0.0,5164.0,0.08919595820019
RECONFIGURATION,w_bottleneck,12980,0.03609837223595765,647,0.04984591679506934,341,0.026271186440677965,37,0.0028505392912172574,-283.13913713405236,-248.0,60.14076246334311,0.018226396811432295,0.1353267954239617,7.998305084745763,17.889599383667182,0.14999999999999997,0.009622144134046268,0.07408452318539886,24.82318707995298,162.84181910671398,206.6871762013243,0.0,950.0,0.01640901632265308
W_LOGISTICS,critical,26909,0.07483598601674764,2477,0.09205098665873872,1244,0.04622988591177673,100,0.0037162287710431454,-205.68895165186368,-194.0,75.62057877813506,0.02053467510187004,0.128571112952692,7.998439183916162,17.10498346278197,0.14999999999999997,0.07225810278185577,0.46627322974809937,18.507334274267013,84.90041824613024,125.35186594721068,0.0,3834.0,0.06622333534847569
W_LOGISTICS,f_bottleneck,24253,0.06744944698294922,1028,0.0423865088854987,446,0.018389477590401188,20,0.0008246402506906362,-316.47561126458584,-294.0,87.9304932735426,0.023201159902309358,0.12645534567686462,7.998680575598895,16.972663175689604,0.14999999999999997,0.011192210724480432,0.08486018238312494,23.989336847310273,140.76498242744736,186.35121462178472,0.0,742.0,0.012816305380430089
W_LOGISTICS,high_reconfiguration,26441,0.07353444224121389,2500,0.09455013047918007,1282,0.04848530690972354,106,0.0040089255323172346,-230.60973488143415,-216.0,84.9820592823713,0.02089539043620682,0.13104923558969117,7.9986384781211,17.30675844332665,0.14999999999999997,0.011390673109488263,0.08889451302454912,51.06953932638827,142.0928647150633,181.14498235235217,0.0,4457.0,0.07698419552638397
W_LOGISTICS,overloaded_island,26782,0.07448278930842972,2134,0.07968038234635202,1073,0.040064222238817115,116,0.0043312672690613094,-245.60171010380105,-215.0,65.01304753028892,0.017419297214398922,0.12783543011922288,7.999103875737435,17.12612948995594,0.14999999999999997,0.005454089527050815,0.0377442135128775,23.598476413010264,117.12227546198811,177.36383438678203,0.0,3621.0,0.06254426116244927
W_LOGISTICS,random,27334,0.07601794350521313,2604,0.09526596912270432,1367,0.05001097534206483,180,0.006585205238896612,-228.81327284700373,-215.0,79.71470373079737,0.019968404329510723,0.13253874761882625,7.998500036584473,17.379893173337237,0.14999999999999997,0.01062485417024475,0.09056596189861116,24.041534243086545,134.0699079869482,177.82090643287265,0.0,7745.0,0.13377666465152432
W_LOGISTICS,related,29550,0.08218080890389434,3747,0.1268020304568528,2224,0.07526226734348562,306,0.010355329949238578,-181.12717428087987,-175.0,81.43705035971223,0.020032422656162473,0.13380020294446734,7.998443316412859,17.582470389170897,0.14999999999999997,0.011052982255655102,0.09080947707585817,24.147671020994835,136.80878218694653,181.2953647457559,0.0,11828.0,0.20430088954141118
W_LOGISTICS,w_bottleneck,25655,0.0713485161566636,1655,0.06450984213603586,888,0.034613135840966675,82,0.003196258039368544,-286.1688169947379,-245.0,81.44707207207207,0.02220922889529025,0.12662597211549495,7.99816799844085,17.003430130578835,0.14999999999999997,0.011496067112569808,0.07769609075824785,24.289151600650563,166.28535856164697,201.7436974634475,0.0,2550.0,0.044045254339753
