scale,CF_level,destroy_count,destroy_size_bin,selection_count,selection_rate,accepted_count,acceptance_rate,improving_count,improvement_rate,new_global_best_count,global_best_rate,mean_immediate_delta,median_immediate_delta,mean_positive_delta,mean_relative_positive_improvement,mean_runtime,mean_decoder_evaluations,mean_destroy_count,mean_destroy_fraction,mean_critical_path_overlap,mean_critical_resource_overlap,mean_reconfiguration_contribution,mean_W_delay_contribution,mean_F_delay_contribution,mean_sync_delay_contribution,total_global_best_reduction_attributed_to_operator,fraction_of_total_best_reduction
L,CF1,27,medium,28862,0.08026742831080198,3492,0.12098953641466288,1849,0.06406347446469406,346,0.01198808121405308,-277.8869447716721,-281.0,96.61384532179557,0.018681839071385372,0.2474995817415652,7.997505370383203,27.0,0.14999999999999997,0.014211945990755497,0.09908068278936547,27.78976585899183,190.6154151171475,285.80180783652474,0.0,18515.0,0.31980309180412814
L,CF2,28,medium,13837,0.03848175474799276,1342,0.09698634096986342,699,0.05051673050516731,105,0.007588350075883501,-335.3750090337501,-334.0,101.64091559370529,0.019570633286952417,0.2693377954413507,7.996603309966033,28.0,0.14999999999999994,0.013111842988261284,0.08964835482505498,27.44179425763223,165.7873610093022,248.29823248226802,0.0,4541.0,0.07843509802228171
L,CF2,29,medium,13445,0.03739157278216106,1485,0.11044998140572704,792,0.058906656749721086,108,0.008032725920416511,-296.61383413908516,-298.0,104.55934343434343,0.019249302878776228,0.2844997603518792,7.997024916325771,29.0,0.14999999999999997,0.014639463459047718,0.08532847744963518,32.416627127120705,122.79745066105848,283.37057231889816,0.0,4337.0,0.07491147767510148
L,CF3,26,medium,14538,0.04043128933484995,1307,0.08990232494153254,678,0.04663640115559224,86,0.005915531710001375,-314.0748383546568,-319.0,102.38643067846607,0.021292376459470172,0.23837114276943244,7.997523730912093,26.0,0.14999999999999997,0.014143306136702755,0.10760659068541858,31.128607257373247,169.59554536122837,238.2554948834355,0.0,4194.0,0.07244148890232317
L,CF3,29,medium,15219,0.04232520239283817,1132,0.07438070832511992,560,0.03679611012550102,4,0.000262829358039293,-452.37972271502724,-436.0,119.54642857142858,0.02029605175518038,0.2509494071924563,7.998094487154215,29.0,0.14999999999999997,0.010121196054840706,0.11958282636722246,40.712022857091064,234.35300248555006,277.75739264213746,0.0,230.0,0.003972709214958113
M,CF1,18,medium,19277,0.05361081060035097,1936,0.10043056492192769,1006,0.05218654354930746,119,0.006173159724023447,-190.36872957410387,-184.0,56.69184890656064,0.015103428423229202,0.12281210903024334,7.997769362452664,18.0,0.14999999999999997,0.017675064700016715,0.12097318047414017,19.617705037090833,139.4938902434104,244.5857181557758,0.0,2741.0,0.047344330253044305
M,CF1,19,medium,18636,0.05182814060010067,1621,0.08698218501824426,829,0.044483794805752305,138,0.007405022537025113,-230.71936037776348,-232.0,74.89867310012063,0.019541828990255587,0.13131094774495533,7.997907276239537,19.0,0.14999999999999997,0.0215570316648027,0.11202144123993177,23.62777476530993,112.18579489612634,191.99965262480092,0.0,5562.0,0.09607047240694361
M,CF2,17,medium,19790,0.0550375028158399,1346,0.06801414855987872,701,0.03542193026781203,117,0.005912076806467913,-275.6867609903992,-272.0,78.41654778887303,0.020637158320511273,0.11359191366907663,7.998534613441132,17.0,0.14999999999999997,0.01570014564693993,0.12204321850013375,33.16214962993788,148.80559105906133,183.2956216746426,0.0,4399.0,0.0759823818982641
M,CF2,19,medium,18601,0.05173080292457999,1477,0.07940433310037094,777,0.04177194774474491,77,0.004139562389118865,-297.14547604967476,-298.0,81.66666666666667,0.01850114037297125,0.1367911609137152,7.997634535777646,19.0,0.14999999999999997,0.016742167229266112,0.12215528876489377,29.617649305781523,193.76514279085168,179.11846561729843,0.0,3114.0,0.05378702824078072
M,CF3,16,medium,19990,0.05559371810452954,1413,0.07068534267133567,771,0.038569284642321164,45,0.0022511255627813906,-209.13081540770386,-208.0,62.007782101167315,0.017737988567841555,0.10848180691375739,7.9987493746873435,16.0,0.14999999999999997,0.023492996498249125,0.11805902951475739,21.313309779889945,148.5273668084042,191.10053776888444,0.0,941.0,0.016253562483806893
M,CF3,19,medium,18767,0.05219246161419239,895,0.047690094314488195,464,0.024724250013321257,5,0.0002664251079021687,-297.1500506207705,-295.0,71.37931034482759,0.01992634363280632,0.13129425228896624,7.998454734374167,19.0,0.14999999999999997,0.015878936430969253,0.11819459128986208,30.85916207901327,115.72856329559445,162.43705216042716,0.0,265.0,0.004577251921582174
S,CF1,10,medium,57644,0.1603123705061281,2541,0.044080910415654706,1322,0.02293386996044688,184,0.0031920061064464643,-185.97076885712303,-185.0,46.773827534039334,0.020670251484149686,0.043697328475139914,7.998993824162098,10.0,0.14999999999999994,0.042873499410172794,0.15154916383318298,17.93847581708417,87.41809208243703,101.44704912913745,0.0,3657.0,0.06316607651783401
S,CF2,8,medium,24100,0.06702394228710165,1188,0.04929460580912863,620,0.025726141078838173,65,0.0026970954356846473,-173.76460580912862,-171.0,37.208064516129035,0.02147649765438422,0.04568670421240581,7.9986307053941905,8.0,0.14999999999999997,0.04362033195020747,0.18399377593360997,26.933609958506224,77.41041493775934,78.24195539419087,0.0,1519.0,0.026237153467484238
S,CF2,9,medium,28764,0.07999488281934405,1243,0.043213739396467804,669,0.023258239465999166,110,0.0038242247253511335,-162.00559727437073,-162.0,42.25112107623318,0.021824358817596992,0.04035917198494612,7.998748435544431,9.0,0.14999999999999994,0.04844017985444769,0.16843585345879883,23.90451799317048,71.95764767688006,95.51892025525734,0.0,2482.0,0.04287071422402625
S,CF3,9,medium,48103,0.13377812015918883,2037,0.042346631187244035,1060,0.02203604764775586,93,0.0019333513502276364,-181.489075525435,-181.0,43.50660377358491,0.02191818937913098,0.04947707652036303,7.998461634409496,9.0,0.14999999999999997,0.04694324909280318,0.1592346977665981,27.36433394082605,60.37671247115564,79.25134029524608,0.0,1398.0,0.024147162967441058
