destroy_operator,repair_operator,selection_count,selection_rate,accepted_count,acceptance_rate,improving_count,improvement_rate,new_global_best_count,global_best_rate,mean_immediate_delta,median_immediate_delta,mean_positive_delta,mean_relative_positive_improvement,mean_runtime,mean_decoder_evaluations,mean_destroy_count,mean_destroy_fraction,mean_critical_path_overlap,mean_critical_resource_overlap,mean_reconfiguration_contribution,mean_W_delay_contribution,mean_F_delay_contribution,mean_sync_delay_contribution,total_global_best_reduction_attributed_to_operator,fraction_of_total_best_reduction
critical,greedy,9919,0.027585497242562707,595,0.05998588567395907,281,0.028329468696441172,22,0.0022179655207178145,-205.95140639177336,-195.0,61.69750889679715,0.018975677282418394,0.11569656139076398,7.99737876802097,16.091642302651476,0.14999999999999997,0.11040678529993822,0.46171136664834544,17.60988863764342,76.35364256094094,117.40958272344598,0.0,451.0,0.007789964591070041
critical,reconfiguration_aware,9950,0.0276717106123096,626,0.0629145728643216,284,0.028542713567839197,25,0.002512562814070352,-217.60693467336682,-208.0,64.06338028169014,0.020955500779079515,0.11512509461185914,7.9966834170854275,15.92713567839196,0.14999999999999997,0.11247987461233136,0.4637139784002476,17.30985993632709,75.87529506084692,115.87002199905035,0.0,589.0,0.01017359012004491
critical,regret2,9953,0.027680053841639945,619,0.06219230382799156,304,0.030543554707123482,18,0.0018084999497638902,-207.07655983120668,-195.0,64.0592105263158,0.018570928742968503,0.1173352000749515,7.999196222244549,16.23399979905556,0.15,0.10793802716458996,0.4606188168981777,17.60817278919885,77.95019811536353,118.31247124607168,0.0,616.0,0.01063995163658347
critical,regret3,9974,0.02773845644695236,613,0.061459795468217365,293,0.02937637858431923,23,0.0023059955885301785,-206.308602366152,-194.0,54.03754266211604,0.016318184826083267,0.11827361568538422,7.998696611189092,16.250150391016643,0.14999999999999997,0.10890738359004776,0.45974528152026267,17.80121562931251,77.38837800562166,117.44633110750524,0.0,583.0,0.010069954227480785
critical,transport_aware,11824,0.03288344786733153,1248,0.10554803788903924,671,0.0567489851150203,74,0.006258457374830852,-196.6617895805142,-181.0,88.50670640834575,0.021664635038750428,0.13058178486256897,7.997970230040595,16.973359269282813,0.14999999999999997,0.10530065450640029,0.44755112116345075,18.018712063333286,80.67026291735228,124.22373549215838,0.0,3225.0,0.05570429225321703
f_bottleneck,greedy,9159,0.025471879145542074,185,0.020198711649743423,76,0.008297849110164865,1,0.00010918222513374823,-330.2802707719183,-303.0,65.4342105263158,0.01939955453712915,0.11353666046566092,7.99825308439786,15.926738726935255,0.14999999999999997,0.015292137826235211,0.0812805390208989,23.049430751232116,127.88724702973815,172.28105937061608,0.0,2.0,3.45452975213749e-05
f_bottleneck,reconfiguration_aware,9186,0.025546968209515176,249,0.027106466361854997,106,0.011539298933159156,4,0.00043544524276072284,-326.7339429566732,-293.0,57.14150943396226,0.02007351228246498,0.1162291086165919,7.9979316350968865,16.122577835837145,0.14999999999999997,0.0143037896254619,0.08057491750081675,23.15162874110125,128.9494884288735,173.60202800167994,0.0,86.0,0.0014854477934191208
f_bottleneck,regret2,9184,0.025541406056628278,221,0.024063588850174216,86,0.009364111498257839,2,0.00021777003484320557,-330.8053135888502,-303.0,73.31395348837209,0.023319256923016087,0.11647609548018258,7.99793118466899,16.11280487804878,0.14999999999999997,0.014354093934333999,0.08236881462533657,23.065322708193687,128.05406639432522,173.49415387071886,0.0,39.0,0.0006736333016668107
f_bottleneck,regret3,9157,0.025466316992655176,223,0.02435295402424375,75,0.008190455389319647,0,0.0,-328.82843726111173,-302.0,70.42666666666666,0.021087602163550455,0.11377938951676317,7.998689527137709,15.975974664191329,0.14999999999999997,0.014220258649061695,0.080651750416522,23.23288337014728,127.83995392386359,172.45705198971902,0.0,0.0,0.0
f_bottleneck,transport_aware,10694,0.02974083148623506,632,0.05909855994015336,316,0.02954927997007668,25,0.0023377594913035348,-245.1924443613241,-231.0,99.27848101265823,0.02444593370780105,0.12670866954890445,7.998503833925565,16.74022816532635,0.14999999999999997,0.014022974170388239,0.08069753552505242,23.57578349951398,133.11774153016495,181.76216365086177,0.0,963.0,0.016633560756542015
high_reconfiguration,greedy,9647,0.026829044449944797,473,0.04903078677309008,203,0.021042811236653882,11,0.0011402508551881414,-249.7398154866798,-236.0,63.06896551724138,0.018763822167992356,0.11810729120171946,7.997512179952317,16.246708821395252,0.14999999999999997,0.016097241882830536,0.09023255377423933,50.430136487716716,130.78047478115914,168.53497241252273,0.0,368.0,0.006356334743932982
high_reconfiguration,reconfiguration_aware,9853,0.027401946197295125,497,0.050441489901552825,193,0.019587942758550695,11,0.0011164112453059983,-271.35836800974323,-253.0,54.72020725388601,0.01597062496304547,0.12020483326174827,7.998071653303563,16.385567847356135,0.14999999999999997,0.015483012107911311,0.08898512374960686,50.25345897235663,132.5267746930599,171.8943138884904,0.0,228.0,0.003938163917436739
high_reconfiguration,regret2,9799,0.02725176806934892,535,0.05459740789876518,221,0.0225533217675273,15,0.0015307684457597714,-247.80885804673946,-233.0,58.3710407239819,0.016239761065084193,0.12000197343014708,7.9993876926216965,16.410450045923053,0.14999999999999997,0.01576082909481831,0.08998053813736882,50.353457428115654,133.89835680082368,172.36239066117372,0.0,438.0,0.007565420157181104
high_reconfiguration,regret3,9724,0.027043187336090308,502,0.0516248457424928,183,0.018819415878239407,5,0.0005141916906622789,-250.36713286713288,-234.0,63.46448087431694,0.018164807574875593,0.1201019394902344,7.999074454956808,16.407239819004523,0.14999999999999997,0.01586356215563335,0.0885115511639361,50.52378857022336,131.94288019422888,170.4271786618812,0.0,50.0,0.0008636324380343726
high_reconfiguration,transport_aware,11890,0.03306699891259911,1694,0.1424726661059714,1090,0.09167367535744322,154,0.01295206055508831,-168.75046257359125,-163.0,94.20825688073394,0.022381205730246448,0.1308170259691327,7.997392767031118,17.059714045416317,0.15,0.01543777550822935,0.08836449484627841,50.66561614914368,134.67250288445396,177.71440099636084,0.0,6648.0,0.11482856896105018
overloaded_island,greedy,9787,0.027218395152027543,361,0.03688566465719832,146,0.01491774803310514,10,0.0010217635639113108,-273.0701951568407,-246.0,61.18493150684932,0.01896785812114274,0.11580603707448524,7.999284765505262,16.164708286502503,0.14999999999999997,0.01706193737758463,0.035174163167291744,21.621157998126574,104.57158982358158,161.09771146113252,0.0,306.0,0.00528543052077036
overloaded_island,reconfiguration_aware,10047,0.027941475027324077,526,0.05235393649845725,228,0.022693341295909226,35,0.0034836269533193988,-260.28366676619885,-214.0,50.62280701754386,0.01726229478472739,0.1148979245560854,7.998706081417338,16.02050363292525,0.14999999999999997,0.01582286055013808,0.03568830532440787,21.22087866240552,105.58384791676752,161.4415100774837,0.0,827.0,0.014284480525088522
overloaded_island,regret2,9848,0.027388040815077883,397,0.040312753858651504,155,0.01573923639317628,4,0.00040617384240454913,-270.2822908204712,-243.0,65.70322580645161,0.019890886257916345,0.11561669729731881,7.998883021933388,16.10002030869212,0.14999999999999997,0.01655848621146661,0.03582347925397062,21.673606500039508,105.08195224365245,161.28846103318486,0.0,107.0,0.0018481734173935573
overloaded_island,regret3,9739,0.02708490348274203,370,0.03799158024437827,140,0.014375192524899888,13,0.0013348393058835609,-273.48793510627377,-246.0,60.385714285714286,0.02062374376597227,0.11584614083376138,7.999281240373755,16.14313584556936,0.14999999999999997,0.017210590363927643,0.036409901895303666,21.843600184346474,105.66314378554081,161.78236478878534,0.0,530.0,0.009154503843164349
overloaded_island,transport_aware,11960,0.03326167426364048,1690,0.14130434782608695,1008,0.08428093645484949,157,0.013127090301003345,-130.57901337792643,-132.0,65.78373015873017,0.016460353247063023,0.12959422763319586,7.998076923076923,16.994481605351172,0.14999999999999997,0.01590990232781641,0.03449575756104853,22.272044649955973,111.43459493194983,170.89964609058381,0.0,5151.0,0.08897141376630106
random,greedy,10043,0.027930350721550284,523,0.05207607288658767,202,0.02011351189883501,15,0.0014935776162501246,-246.4620133426267,-233.0,57.866336633663366,0.017675264487563118,0.11850745620472139,7.999203425271333,16.240665139898436,0.15,0.017181374278585,0.0936645324509767,23.159138210183936,122.33207847400175,163.9002243535725,0.0,360.0,0.006218153553847482
random,reconfiguration_aware,10138,0.028194552983677863,528,0.052081278358650625,224,0.022095087788518444,16,0.001578220556322746,-252.72302229236536,-229.0,51.54017857142857,0.016465744913778706,0.1182355597563593,7.9982245018741365,16.175971592029985,0.15,0.017553115484230816,0.0931274875810612,23.089079087679455,122.4012700999972,165.6931499343919,0.0,277.0,0.004784523706710424
random,regret2,10042,0.027927569645106835,515,0.05128460466042621,201,0.02001593308105955,14,0.0013941445927106153,-247.0578570005975,-232.0,60.791044776119406,0.017897522841748503,0.12056055327723851,7.998506273650667,16.411372236606255,0.14999999999999997,0.017203879993319706,0.09247790388648858,23.196746447671817,123.03101210229813,166.37424780618431,0.0,321.0,0.005544520252180672
random,regret3,10020,0.027866385963350976,496,0.04950099800399202,203,0.020259481037924153,9,0.0008982035928143712,-249.8694610778443,-235.0,60.37931034482759,0.018086172539411697,0.11979690864011946,7.997604790419162,16.43443113772455,0.14999999999999997,0.016827101382389225,0.09215130674800652,23.297430069494464,122.97320272452276,166.43543552793176,0.0,224.0,0.0038690733223939893
random,transport_aware,12402,0.03449091005164459,1880,0.15158845347524594,1231,0.09925818416384453,246,0.01983551040154814,-152.89187227866472,-149.0,84.32900081234769,0.02034271009319859,0.13445662407506892,7.997581035316885,17.294710530559588,0.14999999999999997,0.015893005763784298,0.09051598409756247,23.44298401892137,127.44760212547456,175.24128813239173,0.0,10841.0,0.18725278521461267
related,greedy,10499,0.029198521579762663,670,0.0638156014858558,307,0.029240880083817505,34,0.0032384036574911895,-200.5207162586913,-192.0,63.11726384364821,0.01783601470806052,0.1198206385180489,7.9988570340032386,16.453471759215162,0.14999999999999997,0.017866650452931555,0.09399361434900085,23.223608410455853,124.60141450888719,167.2738384133852,0.0,934.0,0.01613265394248208
related,reconfiguration_aware,10591,0.029454380612559897,794,0.07496931356812388,369,0.03484090265319611,40,0.0037767916155226136,-199.47597016334623,-187.0,54.20867208672087,0.016268016680842313,0.12091608887196782,7.996412047965253,16.564819186101406,0.14999999999999997,0.017647646206052997,0.09412959755616856,23.30534842796378,125.41178051695128,168.35239279870646,0.0,1119.0,0.019328093963209256
related,regret2,10582,0.029429350924568862,785,0.07418257418257418,342,0.03231903231903232,24,0.002268002268002268,-200.33849933849933,-192.5,59.505847953216374,0.016161511427718205,0.12244304867302885,7.9986769986769986,16.65290115290115,0.14999999999999997,0.019494415744395213,0.09596852815158077,23.45414105028735,126.45149599347033,170.87368903106085,0.0,626.0,0.010812678124190345
related,regret3,10554,0.029351480784152315,735,0.06964184195565662,340,0.032215273829827556,24,0.0022740193291642978,-200.65491756679933,-194.0,58.955882352941174,0.01635204973692054,0.11824402182016262,7.996304718590108,16.330490809171877,0.14999999999999997,0.017664078376373727,0.09404657508493924,23.305925354055926,123.49270244851635,165.90118284360582,0.0,508.0,0.008774505570429225
related,transport_aware,13569,0.03773642626114864,2678,0.19736163313435034,1954,0.14400471663350284,426,0.03139509175326111,-122.46517797921733,-119.0,88.85158648925281,0.021198602792881497,0.13709675158928467,7.998747144225809,17.592305991598497,0.14999999999999997,0.016726034724687748,0.09302463833676625,23.607437419262418,131.57263099455733,180.11187907974175,0.0,17137.0,0.29600138181190083
w_bottleneck,greedy,9692,0.026954192889899965,352,0.03631861328931077,147,0.01516714816343376,7,0.0007222451506397028,-292.9792612463888,-251.0,67.4421768707483,0.019821290580549926,0.11486777829581149,7.997833264548081,16.004952538175814,0.14999999999999997,0.012576759160639503,0.08180786881907326,23.63717353829178,156.72655239282085,191.272968074629,0.0,103.0,0.0017790828223508074
w_bottleneck,reconfiguration_aware,9684,0.02693194427835238,362,0.03738124741842214,179,0.018484097480380008,18,0.0018587360594795538,-299.7804626187526,-252.0,55.49162011173184,0.01982232557230448,0.11463980514993834,7.998554316398183,16.029533250722842,0.14999999999999997,0.01213338557763752,0.08049256120192348,23.501489128665416,156.1092806885012,189.99122838608983,0.0,510.0,0.0088090508679506
w_bottleneck,regret2,9557,0.026578747570034457,387,0.04049387883226954,179,0.01872972690174741,8,0.0008370827665585435,-295.8331066234174,-255.0,57.502793296089386,0.01884905193850058,0.1166818845356268,7.998011928429423,16.174531756827456,0.14999999999999997,0.01236277541108942,0.0794056320418718,23.738322410480563,156.70792178521398,191.5368423687095,0.0,176.0,0.0030399861818809913
w_bottleneck,regret3,9574,0.026626025869573078,392,0.04094422393983706,162,0.016920827240442866,7,0.0007311468560685189,-291.18926258617086,-250.0,63.65432098765432,0.019080574002740193,0.11490109749895717,7.999582201796533,15.992270733235847,0.14999999999999997,0.012485591080692603,0.08091782268941222,23.66019023684603,155.72401702546713,189.30032043291087,0.0,203.0,0.0035063476984195526
w_bottleneck,transport_aware,11332,0.031515158257155014,1102,0.0972467349099894,698,0.061595481821390755,105,0.009265795975997176,-197.44228732792092,-179.0,87.4756446991404,0.022622346790362815,0.1275526299575554,7.997793858100953,16.810889516413695,0.14999999999999997,0.01268724278627816,0.08038619056224676,23.76645228817123,162.5861038206133,200.6045114005894,0.0,3349.0,0.057846100699542276
