instance_id,calibration_split,scale,CF_level,RI_level,TI_level,replicate,base_structure,family,number_of_products,number_of_operations,number_of_islands,number_of_W_AGVs,number_of_F_AGVs,number_of_configurations,number_of_precedence_edges,F_route_mean,F_route_median,R_full_op,R_high_op,F_route_min,F_route_max,F_cap_mean,R_full_island,capability_heterogeneity,capability_selectivity_mean,capability_selectivity_median,capability_selectivity_std,capability_selectivity_min,capability_selectivity_max,processing_CV_mean,processing_CV_median,processing_CV_p90,processing_min_max_ratio_mean,mean_processing_time,precedence_edge_density,mean_predecessor_count,mean_successor_count,number_of_source_operations,number_of_sink_operations,mean_ready_set_size,max_ready_set_size,mean_reconfiguration_time,median_reconfiguration_time,maximum_reconfiguration_time,nonzero_reconfiguration_std,nonzero_reconfiguration_CV,RI,configuration_diversity_entropy,nonzero_offdiagonal_reconfiguration_ratio,W_transport_intensity,F_transport_intensity,operations_per_W_AGV,operations_per_F_AGV,islands_per_W_AGV,islands_per_F_AGV,configuration_entropy
CB1_CAL_L_CF1_RI2_TI2_R07,CAL_FIT,L,CF1,RI2,TI2,R07,CB1_CAL_BASE_L_CF1_R07,Unknown,22,184,15,2,2,8,270,0.2282608695652174,0.2,0.0,0.0,0.2,0.26666666666666666,0.35,0.0,0.14577379737113252,0.35,0.3666666666666667,0.09860132971832694,0.2,0.5333333333333333,0.32347767588647675,0.3217729191878679,0.3719561089663057,0.4178085467667044,63.39047619047619,0.38571428571428573,1.4673913043478262,1.4673913043478262,22,22,12.88586956521739,25,18.492753623188406,21.0,53.0,9.89388138643722,0.3721836258220898,0.4193584735576923,0.9397849100146257,1.0,0.5508393507737379,0.9985727163461537,92.0,92.0,7.5,7.5,0.9397849100146257
CB1_CAL_L_CF1_RI2_TI2_R08,CAL_HOLDOUT,L,CF1,RI2,TI2,R08,CB1_CAL_BASE_L_CF1_R08,Unknown,22,177,15,2,2,8,249,0.22259887005649717,0.2,0.0,0.0,0.2,0.26666666666666666,0.35,0.0,0.1947220240924654,0.35000000000000003,0.4,0.11902380714238084,0.2,0.4666666666666667,0.3214323345605551,0.31908925440815566,0.37152913750428135,0.4235209420685444,61.03045685279188,0.38544891640866874,1.4067796610169492,1.4067796610169492,22,22,12.627118644067796,25,18.68831168831169,21.0,48.0,10.112615252490226,0.3935416637522256,0.42104270386521075,0.9541323430647888,1.0,0.5492902925642519,1.0005933072721729,88.5,88.5,7.5,7.5,0.9541323430647888
CB1_CAL_L_CF2_RI2_TI2_R07,CAL_FIT,L,CF2,RI2,TI2,R07,CB1_CAL_BASE_L_CF2_R07,Unknown,22,193,15,2,2,8,292,0.3682210708117444,0.4,0.0,0.0,0.3333333333333333,0.4,0.5,0.0,0.1767766952966369,0.5,0.5,0.12018504251546629,0.3333333333333333,0.7333333333333333,0.3234790256133988,0.32635697593225266,0.36663855140251944,0.3656384546027696,62.19606003752345,0.37823834196891193,1.5129533678756477,1.5129533678756477,22,22,13.487046632124352,27,20.192592592592593,20.0,51.0,10.094245234195203,0.38880988613004264,0.4174204080811824,0.972710774446729,1.0,0.5498614981297416,1.0000633474608227,96.5,96.5,7.5,7.5,0.972710774446729
CB1_CAL_L_CF2_RI2_TI2_R08,CAL_HOLDOUT,L,CF2,RI2,TI2,R08,CB1_CAL_BASE_L_CF2_R08,Unknown,22,193,15,2,2,8,281,0.35958549222797925,0.3333333333333333,0.0,0.0,0.26666666666666666,0.4,0.5,0.0,0.15811388300841897,0.5,0.5333333333333333,0.12909944487358055,0.26666666666666666,0.6666666666666666,0.3221113424143023,0.32169911656284894,0.3658973210996776,0.3701531641989506,61.964457252641694,0.3668407310704961,1.455958549222798,1.455958549222798,22,22,12.875647668393782,25,20.117424242424242,21.0,54.0,10.228458905810339,0.39288375386656166,0.4201491448451328,0.9361866197187959,1.0,0.5496472536043717,1.0021874273312146,96.5,96.5,7.5,7.5,0.9361866197187959
CB1_CAL_L_CF3_RI2_TI2_R07,CAL_FIT,L,CF3,RI2,TI2,R07,CB1_CAL_BASE_L_CF3_R07,Unknown,22,169,15,2,2,8,246,0.5001972386587771,0.5333333333333333,0.0,0.0,0.4666666666666667,0.5333333333333333,0.65,0.0,0.09354143466934854,0.65,0.6666666666666666,0.10408329997330663,0.4666666666666667,0.8,0.3229568804669951,0.31725632775947804,0.3720616928397355,0.3452413668068485,63.27444794952682,0.42634315424610053,1.455621301775148,1.455621301775148,22,22,12.568047337278106,25,21.57246376811594,21.0,53.0,9.508741335066954,0.35773564982448736,0.42008042747460933,0.9566873191776488,1.0,0.5491330999476518,1.000403828896201,84.5,84.5,7.5,7.5,0.9566873191776488
CB1_CAL_L_CF3_RI2_TI2_R08,CAL_HOLDOUT,L,CF3,RI2,TI2,R08,CB1_CAL_BASE_L_CF3_R08,Unknown,22,171,15,2,2,8,250,0.4982456140350877,0.4666666666666667,0.0,0.0,0.4666666666666667,0.5333333333333333,0.65,0.0,0.15942605391424158,0.65,0.6666666666666666,0.11902380714238084,0.4666666666666667,0.8,0.3280178964687312,0.33261175619202465,0.3705367103320583,0.33814769333990136,62.9452269170579,0.4180602006688963,1.4619883040935673,1.4619883040935673,22,22,12.461988304093568,24,21.63720930232558,22.0,55.0,9.975874824414984,0.37741916790563995,0.41991775193132663,0.9625102106499677,1.0,0.5505778864800358,1.0029884143006316,85.5,85.5,7.5,7.5,0.9625102106499677
CB1_CAL_M_CF1_RI2_TI2_R07,CAL_FIT,M,CF1,RI2,TI2,R07,CB1_CAL_BASE_M_CF1_R07,Unknown,15,111,10,2,2,6,161,0.25135135135135134,0.3,0.0,0.0,0.2,0.3,0.35,0.0,0.1740051084818425,0.35,0.35,0.09574271077563382,0.2,0.5,0.32629902439300157,0.32659863237109044,0.367816091954023,0.4684438502664341,63.88172043010753,0.4410958904109589,1.4504504504504505,1.4504504504504505,15,15,9.00900900900901,16,16.581818181818182,17.0,46.0,9.519239305481152,0.354883921476271,0.41989366020772895,0.9603442118969086,1.0,0.5495693882405639,1.004982326207709,55.5,55.5,5.0,5.0,0.9603442118969086
CB1_CAL_M_CF1_RI2_TI2_R08,CAL_HOLDOUT,M,CF1,RI2,TI2,R08,CB1_CAL_BASE_M_CF1_R08,Unknown,15,127,10,2,2,6,188,0.22125984251968506,0.2,0.0,0.0,0.2,0.3,0.35,0.0,0.13844373104863458,0.35,0.35,0.13844373104863458,0.2,0.6,0.32347677277704134,0.3235294117647059,0.36507276507276504,0.49520156352098865,61.5338078291815,0.3900414937759336,1.4803149606299213,1.4803149606299213,15,15,9.440944881889763,18,15.254901960784315,17.0,41.0,9.440809758113383,0.36404150738226415,0.42144853777495034,0.9312398222236399,1.0,0.5494527081637559,0.9970128968827714,63.5,63.5,5.0,5.0,0.9312398222236399
CB1_CAL_M_CF2_RI2_TI2_R07,CAL_FIT,M,CF2,RI2,TI2,R07,CB1_CAL_BASE_M_CF2_R07,Unknown,15,124,10,2,2,6,185,0.3379032258064516,0.3,0.0,0.0,0.3,0.4,0.5,0.0,0.14907119849998599,0.5,0.5,0.14142135623730948,0.3,0.7,0.32477441280512387,0.32429351829455133,0.3670703733098269,0.4176493772943991,63.801909307875896,0.3952991452991453,1.4919354838709677,1.4919354838709677,15,15,8.983870967741936,17,18.6734693877551,18.0,48.0,9.569767490748646,0.3555979176890207,0.4218018707875923,0.9054271867944206,1.0,0.5502568559056454,1.0007537500467587,62.0,62.0,5.0,5.0,0.9054271867944206
CB1_CAL_M_CF2_RI2_TI2_R08,CAL_HOLDOUT,M,CF2,RI2,TI2,R08,CB1_CAL_BASE_M_CF2_R08,Unknown,15,125,10,2,2,6,189,0.336,0.3,0.0,0.0,0.2,0.4,0.5,0.0,0.18257418583505539,0.5,0.5,0.15275252316519466,0.2,0.7,0.32361707238149384,0.3203586375980999,0.36386118511731563,0.42515246353455105,59.85476190476191,0.40298507462686567,1.512,1.512,15,15,8.832,17,17.686274509803923,18.0,43.0,8.130684146574508,0.32450624088323976,0.41860588461487463,0.9431300313722246,1.0,0.5498157516933124,0.9999204423405863,62.5,62.5,5.0,5.0,0.9431300313722246
CB1_CAL_M_CF3_RI2_TI2_R07,CAL_FIT,M,CF3,RI2,TI2,R07,CB1_CAL_BASE_M_CF3_R07,Unknown,15,122,10,2,2,6,172,0.5368852459016393,0.5,0.0,0.0,0.4,0.6,0.65,0.0,0.17400510848184253,0.6499999999999999,0.7,0.11180339887498945,0.4,0.7,0.3293846279438123,0.33226433162867697,0.37103390281680443,0.3612457870398819,62.7206106870229,0.37636761487964987,1.4098360655737705,1.4098360655737705,15,15,9.19672131147541,19,20.196319018404907,20.0,52.0,8.806481153205802,0.3317143569251274,0.4232801116885034,0.964195324522571,1.0,0.5499925365958267,0.9996713889294583,61.0,61.0,5.0,5.0,0.964195324522571
CB1_CAL_M_CF3_RI2_TI2_R08,CAL_HOLDOUT,M,CF3,RI2,TI2,R08,CB1_CAL_BASE_M_CF3_R08,Unknown,15,129,10,2,2,6,187,0.5279069767441861,0.5,0.0,0.0,0.4,0.6,0.65,0.0,0.11666666666666668,0.65,0.7,0.12583057392117916,0.4,0.8,0.32396675596144553,0.3175517093976706,0.37190668242377795,0.3703129787431177,65.80616740088105,0.3717693836978131,1.449612403100775,1.449612403100775,15,15,9.372093023255815,18,20.8343949044586,25.0,50.0,8.856564732905266,0.31949698516747826,0.4212422646373372,0.9558310348853524,1.0,0.5503264733902887,0.9983866648815104,64.5,64.5,5.0,5.0,0.9558310348853524
CB1_CAL_S_CF1_RI2_TI2_R07,CAL_FIT,S,CF1,RI2,TI2,R07,CB1_CAL_BASE_S_CF1_R07,Unknown,8,61,7,2,2,5,86,0.2857142857142857,0.2857142857142857,0.0,0.0,0.2857142857142857,0.2857142857142857,0.34285714285714286,0.0,0.17612611437054218,0.34285714285714286,0.2857142857142857,0.06998542122237651,0.2857142857142857,0.42857142857142855,0.328249377814816,0.3291139240506329,0.37777777777777777,0.5067353612239149,62.16393442622951,0.4056603773584906,1.4098360655737705,1.4098360655737705,8,8,5.491803278688525,10,14.076923076923077,12.0,41.0,9.333940699382648,0.35703598303649475,0.42054701627486435,0.9607490282216681,1.0,0.5499571466244726,1.0008099758890898,30.5,30.5,3.5,3.5,0.9607490282216681
CB1_CAL_S_CF1_RI2_TI2_R08,CAL_HOLDOUT,S,CF1,RI2,TI2,R08,CB1_CAL_BASE_S_CF1_R08,Unknown,8,59,7,2,2,5,83,0.2857142857142857,0.2857142857142857,0.0,0.0,0.2857142857142857,0.2857142857142857,0.34285714285714286,0.0,0.20603150145508511,0.34285714285714286,0.2857142857142857,0.11428571428571428,0.2857142857142857,0.5714285714285714,0.3264830902280874,0.32608695652173914,0.37662337662337664,0.508835386688443,61.94915254237288,0.43005181347150256,1.4067796610169492,1.4067796610169492,8,8,5.288135593220339,10,14.821428571428571,16.0,38.0,8.51079278034661,0.3281269505675802,0.4186901504787962,0.962592926538407,1.0,0.5490894322845418,0.9973617353918312,29.5,29.5,3.5,3.5,0.962592926538407
CB1_CAL_S_CF2_RI2_TI2_R07,CAL_FIT,S,CF2,RI2,TI2,R07,CB1_CAL_BASE_S_CF2_R07,Unknown,8,56,7,2,2,5,77,0.336734693877551,0.2857142857142857,0.0,0.0,0.2857142857142857,0.42857142857142855,0.5142857142857143,0.0,0.14568627181693672,0.5142857142857142,0.5714285714285714,0.21380899352993948,0.2857142857142857,0.8571428571428571,0.3263827265823538,0.3333333333333333,0.3653005595547495,0.4802175314751259,61.65909090909091,0.4425287356321839,1.375,1.375,8,8,5.125,9,16.56,17.5,48.0,8.637671850678283,0.3338230666928805,0.41964614817545154,0.8842443858296509,1.0,0.5498986361960929,0.9927860565531041,28.0,28.0,3.5,3.5,0.8842443858296509
CB1_CAL_S_CF2_RI2_TI2_R08,CAL_HOLDOUT,S,CF2,RI2,TI2,R08,CB1_CAL_BASE_S_CF2_R08,Unknown,8,55,7,2,2,5,76,0.34285714285714286,0.2857142857142857,0.0,0.0,0.2857142857142857,0.42857142857142855,0.5142857142857143,0.0,0.14568627181693672,0.5142857142857142,0.5714285714285714,0.19378085666072195,0.2857142857142857,0.7142857142857143,0.32613016543942325,0.33326391058274535,0.3715308468819642,0.4776295594380866,61.29545454545455,0.4634146341463415,1.3818181818181818,1.3818181818181818,8,8,5.0,10,16.48,21.0,41.0,7.0178344238090995,0.2725372591770524,0.42009640341119764,0.9180309197569728,1.0,0.550101965146459,0.9975104613591822,27.5,27.5,3.5,3.5,0.9180309197569728
CB1_CAL_S_CF3_RI2_TI2_R07,CAL_FIT,S,CF3,RI2,TI2,R07,CB1_CAL_BASE_S_CF3_R07,Unknown,8,59,7,2,2,5,86,0.4939467312348668,0.42857142857142855,0.0,0.0,0.42857142857142855,0.5714285714285714,0.6571428571428571,0.0,0.1761261143705422,0.6571428571428571,0.7142857142857143,0.14568627181693672,0.42857142857142855,0.8571428571428571,0.3206682734450282,0.3145883253096709,0.370837547241581,0.419886128625466,59.10294117647059,0.44329896907216493,1.4576271186440677,1.4576271186440677,8,8,5.745762711864407,10,17.901234567901234,19.0,43.0,7.097838427636091,0.28391353710544365,0.42299079372978354,0.9576753969672698,1.0,0.5493592933565564,1.0006753634521737,29.5,29.5,3.5,3.5,0.9576753969672698
CB1_CAL_S_CF3_RI2_TI2_R08,CAL_HOLDOUT,S,CF3,RI2,TI2,R08,CB1_CAL_BASE_S_CF3_R08,Unknown,8,63,7,2,2,5,92,0.5034013605442177,0.5714285714285714,0.0,0.0,0.42857142857142855,0.5714285714285714,0.6571428571428571,0.0,0.20603150145508511,0.6571428571428571,0.5714285714285714,0.11428571428571428,0.5714285714285714,0.8571428571428571,0.32929966326198595,0.3245905128628727,0.363266310935215,0.40587795455694153,62.07657657657658,0.4107142857142857,1.4603174603174602,1.4603174603174602,8,8,5.4603174603174605,10,18.83132530120482,19.0,44.0,8.357481678113329,0.32082463255713356,0.41964298672084754,0.9253382032980745,1.0,0.5499759632827806,1.001067722640903,31.5,31.5,3.5,3.5,0.9253382032980745
