method,instance_id,seed,budget_fraction,elapsed_wall_time,best_makespan,decoder_evaluations,incumbent_available,relative_gap_to_reference
ALNS,CB1_CAL_L_CF1_RI2_TI2_R08,671301.0,0.05,17.7,4611.0,105,True,0.12435991221653264
ALNS,CB1_CAL_L_CF1_RI2_TI2_R08,671301.0,0.1,35.4,4611.0,105,True,0.12435991221653264
ALNS,CB1_CAL_L_CF1_RI2_TI2_R08,671301.0,0.25,88.5,4524.0,3441,True,0.10314557425018278
ALNS,CB1_CAL_L_CF1_RI2_TI2_R08,671301.0,0.5,177.0,4510.0,7953,True,0.09973177273835643
ALNS,CB1_CAL_L_CF1_RI2_TI2_R08,671301.0,0.75,265.5,4458.0,13529,True,0.0870519385515729
ALNS,CB1_CAL_L_CF1_RI2_TI2_R08,671301.0,1.0,354.0,4458.0,13529,True,0.0870519385515729
ALNS,CB1_CAL_L_CF1_RI2_TI2_R08,671302.0,0.05,17.7,4760.0,1,True,0.1606925140209705
ALNS,CB1_CAL_L_CF1_RI2_TI2_R08,671302.0,0.1,35.4,4476.0,2017,True,0.0914411119239209
ALNS,CB1_CAL_L_CF1_RI2_TI2_R08,671302.0,0.25,88.5,4425.0,5089,True,0.07900512070226773
ALNS,CB1_CAL_L_CF1_RI2_TI2_R08,671302.0,0.5,177.0,4425.0,5089,True,0.07900512070226773
ALNS,CB1_CAL_L_CF1_RI2_TI2_R08,671302.0,0.75,265.5,4425.0,5089,True,0.07900512070226773
ALNS,CB1_CAL_L_CF1_RI2_TI2_R08,671302.0,1.0,354.0,4425.0,5089,True,0.07900512070226773
ALNS,CB1_CAL_L_CF1_RI2_TI2_R08,671303.0,0.05,17.7,4685.0,33,True,0.1424042916361863
ALNS,CB1_CAL_L_CF1_RI2_TI2_R08,671303.0,0.1,35.4,4685.0,33,True,0.1424042916361863
ALNS,CB1_CAL_L_CF1_RI2_TI2_R08,671303.0,0.25,88.5,4685.0,33,True,0.1424042916361863
ALNS,CB1_CAL_L_CF1_RI2_TI2_R08,671303.0,0.5,177.0,4474.0,8617,True,0.09095342599366019
ALNS,CB1_CAL_L_CF1_RI2_TI2_R08,671303.0,0.75,265.5,4465.0,14993,True,0.08875883930748607
ALNS,CB1_CAL_L_CF1_RI2_TI2_R08,671303.0,1.0,354.0,4465.0,14993,True,0.08875883930748607
ALNS,CB1_CAL_L_CF1_RI2_TI2_R08,671304.0,0.05,17.7,4678.0,1033,True,0.1406973908802731
ALNS,CB1_CAL_L_CF1_RI2_TI2_R08,671304.0,0.1,35.4,4357.0,2297,True,0.06242379907339668
ALNS,CB1_CAL_L_CF1_RI2_TI2_R08,671304.0,0.25,88.5,4357.0,2297,True,0.06242379907339668
ALNS,CB1_CAL_L_CF1_RI2_TI2_R08,671304.0,0.5,177.0,4357.0,2297,True,0.06242379907339668
ALNS,CB1_CAL_L_CF1_RI2_TI2_R08,671304.0,0.75,265.5,4357.0,2297,True,0.06242379907339668
ALNS,CB1_CAL_L_CF1_RI2_TI2_R08,671304.0,1.0,354.0,4357.0,2297,True,0.06242379907339668
ALNS,CB1_CAL_L_CF1_RI2_TI2_R08,671305.0,0.05,17.7,4760.0,1,True,0.1606925140209705
ALNS,CB1_CAL_L_CF1_RI2_TI2_R08,671305.0,0.1,35.4,4565.0,2177,True,0.11314313582053148
ALNS,CB1_CAL_L_CF1_RI2_TI2_R08,671305.0,0.25,88.5,4475.0,4185,True,0.09119726895879054
ALNS,CB1_CAL_L_CF1_RI2_TI2_R08,671305.0,0.5,177.0,4475.0,4185,True,0.09119726895879054
ALNS,CB1_CAL_L_CF1_RI2_TI2_R08,671305.0,0.75,265.5,4439.0,14881,True,0.08241892221409408
ALNS,CB1_CAL_L_CF1_RI2_TI2_R08,671305.0,1.0,354.0,4391.0,20249,True,0.0707144598878322
ALNS,CB1_CAL_L_CF2_RI2_TI2_R08,671301.0,0.05,19.3,4858.0,1,True,0.02467833790339591
ALNS,CB1_CAL_L_CF2_RI2_TI2_R08,671301.0,0.1,38.6,4858.0,1,True,0.02467833790339591
ALNS,CB1_CAL_L_CF2_RI2_TI2_R08,671301.0,0.25,96.5,4858.0,1,True,0.02467833790339591
ALNS,CB1_CAL_L_CF2_RI2_TI2_R08,671301.0,0.5,193.0,4858.0,1,True,0.02467833790339591
ALNS,CB1_CAL_L_CF2_RI2_TI2_R08,671301.0,0.75,289.5,4858.0,1,True,0.02467833790339591
ALNS,CB1_CAL_L_CF2_RI2_TI2_R08,671301.0,1.0,386.0,4858.0,1,True,0.02467833790339591
ALNS,CB1_CAL_L_CF2_RI2_TI2_R08,671302.0,0.05,19.3,4858.0,1,True,0.02467833790339591
ALNS,CB1_CAL_L_CF2_RI2_TI2_R08,671302.0,0.1,38.6,4858.0,1,True,0.02467833790339591
ALNS,CB1_CAL_L_CF2_RI2_TI2_R08,671302.0,0.25,96.5,4858.0,1,True,0.02467833790339591
ALNS,CB1_CAL_L_CF2_RI2_TI2_R08,671302.0,0.5,193.0,4858.0,1,True,0.02467833790339591
ALNS,CB1_CAL_L_CF2_RI2_TI2_R08,671302.0,0.75,289.5,4858.0,1,True,0.02467833790339591
ALNS,CB1_CAL_L_CF2_RI2_TI2_R08,671302.0,1.0,386.0,4858.0,1,True,0.02467833790339591
ALNS,CB1_CAL_L_CF2_RI2_TI2_R08,671303.0,0.05,19.3,4858.0,1,True,0.02467833790339591
ALNS,CB1_CAL_L_CF2_RI2_TI2_R08,671303.0,0.1,38.6,4858.0,1,True,0.02467833790339591
ALNS,CB1_CAL_L_CF2_RI2_TI2_R08,671303.0,0.25,96.5,4858.0,1,True,0.02467833790339591
ALNS,CB1_CAL_L_CF2_RI2_TI2_R08,671303.0,0.5,193.0,4858.0,1,True,0.02467833790339591
ALNS,CB1_CAL_L_CF2_RI2_TI2_R08,671303.0,0.75,289.5,4858.0,1,True,0.02467833790339591
ALNS,CB1_CAL_L_CF2_RI2_TI2_R08,671303.0,1.0,386.0,4858.0,1,True,0.02467833790339591
ALNS,CB1_CAL_L_CF2_RI2_TI2_R08,671304.0,0.05,19.3,4858.0,1,True,0.02467833790339591
ALNS,CB1_CAL_L_CF2_RI2_TI2_R08,671304.0,0.1,38.6,4858.0,1,True,0.02467833790339591
ALNS,CB1_CAL_L_CF2_RI2_TI2_R08,671304.0,0.25,96.5,4858.0,1,True,0.02467833790339591
ALNS,CB1_CAL_L_CF2_RI2_TI2_R08,671304.0,0.5,193.0,4858.0,1,True,0.02467833790339591
ALNS,CB1_CAL_L_CF2_RI2_TI2_R08,671304.0,0.75,289.5,4858.0,1,True,0.02467833790339591
ALNS,CB1_CAL_L_CF2_RI2_TI2_R08,671304.0,1.0,386.0,4858.0,1,True,0.02467833790339591
ALNS,CB1_CAL_L_CF2_RI2_TI2_R08,671305.0,0.05,19.3,4858.0,1,True,0.02467833790339591
ALNS,CB1_CAL_L_CF2_RI2_TI2_R08,671305.0,0.1,38.6,4858.0,1,True,0.02467833790339591
ALNS,CB1_CAL_L_CF2_RI2_TI2_R08,671305.0,0.25,96.5,4858.0,1,True,0.02467833790339591
ALNS,CB1_CAL_L_CF2_RI2_TI2_R08,671305.0,0.5,193.0,4858.0,1,True,0.02467833790339591
ALNS,CB1_CAL_L_CF2_RI2_TI2_R08,671305.0,0.75,289.5,4741.0,14833,True,0.0
ALNS,CB1_CAL_L_CF2_RI2_TI2_R08,671305.0,1.0,386.0,4741.0,14833,True,0.0
ALNS,CB1_CAL_L_CF3_RI2_TI2_R08,671301.0,0.05,17.1,3876.0,1,True,0.049553208773355006
ALNS,CB1_CAL_L_CF3_RI2_TI2_R08,671301.0,0.1,34.2,3876.0,1,True,0.049553208773355006
ALNS,CB1_CAL_L_CF3_RI2_TI2_R08,671301.0,0.25,85.5,3876.0,1,True,0.049553208773355006
ALNS,CB1_CAL_L_CF3_RI2_TI2_R08,671301.0,0.5,171.0,3876.0,1,True,0.049553208773355006
ALNS,CB1_CAL_L_CF3_RI2_TI2_R08,671301.0,0.75,256.5,3876.0,1,True,0.049553208773355006
ALNS,CB1_CAL_L_CF3_RI2_TI2_R08,671301.0,1.0,342.0,3876.0,1,True,0.049553208773355006
ALNS,CB1_CAL_L_CF3_RI2_TI2_R08,671302.0,0.05,17.1,3876.0,1,True,0.049553208773355006
ALNS,CB1_CAL_L_CF3_RI2_TI2_R08,671302.0,0.1,34.2,3876.0,1,True,0.049553208773355006
ALNS,CB1_CAL_L_CF3_RI2_TI2_R08,671302.0,0.25,85.5,3876.0,1,True,0.049553208773355006
ALNS,CB1_CAL_L_CF3_RI2_TI2_R08,671302.0,0.5,171.0,3876.0,1,True,0.049553208773355006
ALNS,CB1_CAL_L_CF3_RI2_TI2_R08,671302.0,0.75,256.5,3876.0,1,True,0.049553208773355006
ALNS,CB1_CAL_L_CF3_RI2_TI2_R08,671302.0,1.0,342.0,3876.0,1,True,0.049553208773355006
ALNS,CB1_CAL_L_CF3_RI2_TI2_R08,671303.0,0.05,17.1,3876.0,1,True,0.049553208773355006
ALNS,CB1_CAL_L_CF3_RI2_TI2_R08,671303.0,0.1,34.2,3876.0,1,True,0.049553208773355006
ALNS,CB1_CAL_L_CF3_RI2_TI2_R08,671303.0,0.25,85.5,3876.0,1,True,0.049553208773355006
ALNS,CB1_CAL_L_CF3_RI2_TI2_R08,671303.0,0.5,171.0,3876.0,1,True,0.049553208773355006
ALNS,CB1_CAL_L_CF3_RI2_TI2_R08,671303.0,0.75,256.5,3876.0,1,True,0.049553208773355006
ALNS,CB1_CAL_L_CF3_RI2_TI2_R08,671303.0,1.0,342.0,3876.0,1,True,0.049553208773355006
ALNS,CB1_CAL_L_CF3_RI2_TI2_R08,671304.0,0.05,17.1,3876.0,1,True,0.049553208773355006
ALNS,CB1_CAL_L_CF3_RI2_TI2_R08,671304.0,0.1,34.2,3876.0,1,True,0.049553208773355006
ALNS,CB1_CAL_L_CF3_RI2_TI2_R08,671304.0,0.25,85.5,3876.0,1,True,0.049553208773355006
ALNS,CB1_CAL_L_CF3_RI2_TI2_R08,671304.0,0.5,171.0,3876.0,1,True,0.049553208773355006
ALNS,CB1_CAL_L_CF3_RI2_TI2_R08,671304.0,0.75,256.5,3876.0,1,True,0.049553208773355006
ALNS,CB1_CAL_L_CF3_RI2_TI2_R08,671304.0,1.0,342.0,3876.0,1,True,0.049553208773355006
ALNS,CB1_CAL_L_CF3_RI2_TI2_R08,671305.0,0.05,17.1,3876.0,1,True,0.049553208773355006
ALNS,CB1_CAL_L_CF3_RI2_TI2_R08,671305.0,0.1,34.2,3876.0,1,True,0.049553208773355006
ALNS,CB1_CAL_L_CF3_RI2_TI2_R08,671305.0,0.25,85.5,3876.0,1,True,0.049553208773355006
ALNS,CB1_CAL_L_CF3_RI2_TI2_R08,671305.0,0.5,171.0,3876.0,1,True,0.049553208773355006
ALNS,CB1_CAL_L_CF3_RI2_TI2_R08,671305.0,0.75,256.5,3876.0,1,True,0.049553208773355006
ALNS,CB1_CAL_L_CF3_RI2_TI2_R08,671305.0,1.0,342.0,3876.0,1,True,0.049553208773355006
ALNS,CB1_CAL_M_CF1_RI2_TI2_R08,671301.0,0.05,12.700000000000001,3480.0,993,True,0.15961346217927352
ALNS,CB1_CAL_M_CF1_RI2_TI2_R08,671301.0,0.1,25.400000000000002,3312.0,2617,True,0.10363212262579147
ALNS,CB1_CAL_M_CF1_RI2_TI2_R08,671301.0,0.25,63.5,3168.0,5009,True,0.055648117294235355
ALNS,CB1_CAL_M_CF1_RI2_TI2_R08,671301.0,0.5,127.0,3147.0,9353,True,0.04865044985004996
ALNS,CB1_CAL_M_CF1_RI2_TI2_R08,671301.0,0.75,190.5,3130.0,15297,True,0.04298567144285248
ALNS,CB1_CAL_M_CF1_RI2_TI2_R08,671301.0,1.0,254.0,3130.0,15297,True,0.04298567144285248
ALNS,CB1_CAL_M_CF1_RI2_TI2_R08,671302.0,0.05,12.700000000000001,3526.0,593,True,0.1749416861046318
ALNS,CB1_CAL_M_CF1_RI2_TI2_R08,671302.0,0.1,25.400000000000002,3320.0,2345,True,0.10629790069976663
ALNS,CB1_CAL_M_CF1_RI2_TI2_R08,671302.0,0.25,63.5,3320.0,2345,True,0.10629790069976663
ALNS,CB1_CAL_M_CF1_RI2_TI2_R08,671302.0,0.5,127.0,3272.0,12193,True,0.09030323225591474
ALNS,CB1_CAL_M_CF1_RI2_TI2_R08,671302.0,0.75,190.5,3272.0,12193,True,0.09030323225591474
ALNS,CB1_CAL_M_CF1_RI2_TI2_R08,671302.0,1.0,254.0,3243.0,28313,True,0.08063978673775418
ALNS,CB1_CAL_M_CF1_RI2_TI2_R08,671303.0,0.05,12.700000000000001,3545.0,1057,True,0.18127290903032311
ALNS,CB1_CAL_M_CF1_RI2_TI2_R08,671303.0,0.1,25.400000000000002,3217.0,1721,True,0.07197600799733417
ALNS,CB1_CAL_M_CF1_RI2_TI2_R08,671303.0,0.25,63.5,3217.0,1721,True,0.07197600799733417
ALNS,CB1_CAL_M_CF1_RI2_TI2_R08,671303.0,0.5,127.0,3194.0,10345,True,0.06431189603465515
ALNS,CB1_CAL_M_CF1_RI2_TI2_R08,671303.0,0.75,190.5,3194.0,10345,True,0.06431189603465515
ALNS,CB1_CAL_M_CF1_RI2_TI2_R08,671303.0,1.0,254.0,3193.0,28209,True,0.06397867377540822
ALNS,CB1_CAL_M_CF1_RI2_TI2_R08,671304.0,0.05,12.700000000000001,3360.0,785,True,0.11962679106964336
ALNS,CB1_CAL_M_CF1_RI2_TI2_R08,671304.0,0.1,25.400000000000002,3292.0,2361,True,0.096967677440853
ALNS,CB1_CAL_M_CF1_RI2_TI2_R08,671304.0,0.25,63.5,3196.0,5657,True,0.064978340553149
ALNS,CB1_CAL_M_CF1_RI2_TI2_R08,671304.0,0.5,127.0,3196.0,5657,True,0.064978340553149
ALNS,CB1_CAL_M_CF1_RI2_TI2_R08,671304.0,0.75,190.5,3196.0,5657,True,0.064978340553149
ALNS,CB1_CAL_M_CF1_RI2_TI2_R08,671304.0,1.0,254.0,3196.0,5657,True,0.064978340553149
ALNS,CB1_CAL_M_CF1_RI2_TI2_R08,671305.0,0.05,12.700000000000001,3533.0,641,True,0.17727424191936025
ALNS,CB1_CAL_M_CF1_RI2_TI2_R08,671305.0,0.1,25.400000000000002,3137.0,2649,True,0.04531822725758072
ALNS,CB1_CAL_M_CF1_RI2_TI2_R08,671305.0,0.25,63.5,3137.0,2649,True,0.04531822725758072
ALNS,CB1_CAL_M_CF1_RI2_TI2_R08,671305.0,0.5,127.0,3107.0,12801,True,0.03532155948017324
ALNS,CB1_CAL_M_CF1_RI2_TI2_R08,671305.0,0.75,190.5,3033.0,19961,True,0.010663112295901334
ALNS,CB1_CAL_M_CF1_RI2_TI2_R08,671305.0,1.0,254.0,3033.0,19961,True,0.010663112295901334
ALNS,CB1_CAL_M_CF2_RI2_TI2_R08,671301.0,0.05,12.5,3311.0,1,True,0.11107382550335565
ALNS,CB1_CAL_M_CF2_RI2_TI2_R08,671301.0,0.1,25.0,3311.0,1,True,0.11107382550335565
ALNS,CB1_CAL_M_CF2_RI2_TI2_R08,671301.0,0.25,62.5,3302.0,6817,True,0.10805369127516773
ALNS,CB1_CAL_M_CF2_RI2_TI2_R08,671301.0,0.5,125.0,3106.0,9609,True,0.04228187919463089
ALNS,CB1_CAL_M_CF2_RI2_TI2_R08,671301.0,0.75,187.5,3106.0,9609,True,0.04228187919463089
ALNS,CB1_CAL_M_CF2_RI2_TI2_R08,671301.0,1.0,250.0,3106.0,9609,True,0.04228187919463089
ALNS,CB1_CAL_M_CF2_RI2_TI2_R08,671302.0,0.05,12.5,3311.0,1,True,0.11107382550335565
ALNS,CB1_CAL_M_CF2_RI2_TI2_R08,671302.0,0.1,25.0,3280.0,2865,True,0.10067114093959728
ALNS,CB1_CAL_M_CF2_RI2_TI2_R08,671302.0,0.25,62.5,3194.0,3273,True,0.07181208053691268
ALNS,CB1_CAL_M_CF2_RI2_TI2_R08,671302.0,0.5,125.0,3082.0,14609,True,0.03422818791946303
ALNS,CB1_CAL_M_CF2_RI2_TI2_R08,671302.0,0.75,187.5,3082.0,14609,True,0.03422818791946303
ALNS,CB1_CAL_M_CF2_RI2_TI2_R08,671302.0,1.0,250.0,3082.0,14609,True,0.03422818791946303
ALNS,CB1_CAL_M_CF2_RI2_TI2_R08,671303.0,0.05,12.5,3296.0,993,True,0.10604026845637593
ALNS,CB1_CAL_M_CF2_RI2_TI2_R08,671303.0,0.1,25.0,3296.0,993,True,0.10604026845637593
ALNS,CB1_CAL_M_CF2_RI2_TI2_R08,671303.0,0.25,62.5,3209.0,6817,True,0.07684563758389262
ALNS,CB1_CAL_M_CF2_RI2_TI2_R08,671303.0,0.5,125.0,3209.0,6817,True,0.07684563758389262
ALNS,CB1_CAL_M_CF2_RI2_TI2_R08,671303.0,0.75,187.5,3128.0,21593,True,0.04966442953020134
ALNS,CB1_CAL_M_CF2_RI2_TI2_R08,671303.0,1.0,250.0,3116.0,29329,True,0.04563758389261752
ALNS,CB1_CAL_M_CF2_RI2_TI2_R08,671304.0,0.05,12.5,3311.0,1,True,0.11107382550335565
ALNS,CB1_CAL_M_CF2_RI2_TI2_R08,671304.0,0.1,25.0,3265.0,2833,True,0.09563758389261734
ALNS,CB1_CAL_M_CF2_RI2_TI2_R08,671304.0,0.25,62.5,3265.0,2833,True,0.09563758389261734
ALNS,CB1_CAL_M_CF2_RI2_TI2_R08,671304.0,0.5,125.0,3139.0,14265,True,0.05335570469798667
ALNS,CB1_CAL_M_CF2_RI2_TI2_R08,671304.0,0.75,187.5,3054.0,22049,True,0.02483221476510078
ALNS,CB1_CAL_M_CF2_RI2_TI2_R08,671304.0,1.0,250.0,3054.0,22049,True,0.02483221476510078
ALNS,CB1_CAL_M_CF2_RI2_TI2_R08,671305.0,0.05,12.5,3311.0,1,True,0.11107382550335565
ALNS,CB1_CAL_M_CF2_RI2_TI2_R08,671305.0,0.1,25.0,3290.0,1537,True,0.10402684563758391
ALNS,CB1_CAL_M_CF2_RI2_TI2_R08,671305.0,0.25,62.5,3155.0,7297,True,0.0587248322147651
ALNS,CB1_CAL_M_CF2_RI2_TI2_R08,671305.0,0.5,125.0,3155.0,7297,True,0.0587248322147651
ALNS,CB1_CAL_M_CF2_RI2_TI2_R08,671305.0,0.75,187.5,3120.0,18385,True,0.046979865771812124
ALNS,CB1_CAL_M_CF2_RI2_TI2_R08,671305.0,1.0,250.0,3106.0,27977,True,0.04228187919463089
ALNS,CB1_CAL_M_CF3_RI2_TI2_R08,671301.0,0.05,12.9,3993.0,1,True,0.11723559037493003
ALNS,CB1_CAL_M_CF3_RI2_TI2_R08,671301.0,0.1,25.8,3900.0,2369,True,0.09121432568550647
ALNS,CB1_CAL_M_CF3_RI2_TI2_R08,671301.0,0.25,64.5,3803.0,2865,True,0.06407386681589267
ALNS,CB1_CAL_M_CF3_RI2_TI2_R08,671301.0,0.5,129.0,3803.0,2865,True,0.06407386681589267
ALNS,CB1_CAL_M_CF3_RI2_TI2_R08,671301.0,0.75,193.5,3803.0,2865,True,0.06407386681589267
ALNS,CB1_CAL_M_CF3_RI2_TI2_R08,671301.0,1.0,258.0,3728.0,27929,True,0.04308897593732519
ALNS,CB1_CAL_M_CF3_RI2_TI2_R08,671302.0,0.05,12.9,3976.0,609,True,0.1124790151091215
ALNS,CB1_CAL_M_CF3_RI2_TI2_R08,671302.0,0.1,25.8,3953.0,1881,True,0.1060436485730274
ALNS,CB1_CAL_M_CF3_RI2_TI2_R08,671302.0,0.25,64.5,3830.0,5793,True,0.0716284275321768
ALNS,CB1_CAL_M_CF3_RI2_TI2_R08,671302.0,0.5,129.0,3830.0,5793,True,0.0716284275321768
ALNS,CB1_CAL_M_CF3_RI2_TI2_R08,671302.0,0.75,193.5,3824.0,15265,True,0.06994963626189143
ALNS,CB1_CAL_M_CF3_RI2_TI2_R08,671302.0,1.0,258.0,3824.0,15265,True,0.06994963626189143
ALNS,CB1_CAL_M_CF3_RI2_TI2_R08,671303.0,0.05,12.9,3993.0,1,True,0.11723559037493003
ALNS,CB1_CAL_M_CF3_RI2_TI2_R08,671303.0,0.1,25.8,3886.0,1929,True,0.08729714605484062
ALNS,CB1_CAL_M_CF3_RI2_TI2_R08,671303.0,0.25,64.5,3793.0,4025,True,0.06127588136541684
ALNS,CB1_CAL_M_CF3_RI2_TI2_R08,671303.0,0.5,129.0,3766.0,12329,True,0.05372132064913271
ALNS,CB1_CAL_M_CF3_RI2_TI2_R08,671303.0,0.75,193.5,3766.0,12329,True,0.05372132064913271
ALNS,CB1_CAL_M_CF3_RI2_TI2_R08,671303.0,1.0,258.0,3766.0,12329,True,0.05372132064913271
ALNS,CB1_CAL_M_CF3_RI2_TI2_R08,671304.0,0.05,12.9,3888.0,9,True,0.08785674314493574
ALNS,CB1_CAL_M_CF3_RI2_TI2_R08,671304.0,0.1,25.8,3888.0,9,True,0.08785674314493574
ALNS,CB1_CAL_M_CF3_RI2_TI2_R08,671304.0,0.25,64.5,3721.0,7097,True,0.04113038612199227
ALNS,CB1_CAL_M_CF3_RI2_TI2_R08,671304.0,0.5,129.0,3642.0,10369,True,0.019026301063234552
ALNS,CB1_CAL_M_CF3_RI2_TI2_R08,671304.0,0.75,193.5,3601.0,16121,True,0.007554560716284353
ALNS,CB1_CAL_M_CF3_RI2_TI2_R08,671304.0,1.0,258.0,3601.0,16121,True,0.007554560716284353
ALNS,CB1_CAL_M_CF3_RI2_TI2_R08,671305.0,0.05,12.9,3993.0,1,True,0.11723559037493003
ALNS,CB1_CAL_M_CF3_RI2_TI2_R08,671305.0,0.1,25.8,3901.0,2657,True,0.09149412423055403
ALNS,CB1_CAL_M_CF3_RI2_TI2_R08,671305.0,0.25,64.5,3826.0,5793,True,0.07050923335198656
ALNS,CB1_CAL_M_CF3_RI2_TI2_R08,671305.0,0.5,129.0,3821.0,11977,True,0.06911024062674875
ALNS,CB1_CAL_M_CF3_RI2_TI2_R08,671305.0,0.75,193.5,3703.0,20513,True,0.03609401231113596
ALNS,CB1_CAL_M_CF3_RI2_TI2_R08,671305.0,1.0,258.0,3703.0,20513,True,0.03609401231113596
ALNS,CB1_CAL_S_CF1_RI2_TI2_R08,671301.0,0.05,5.9,1672.0,1961,True,0.13125845737483077
ALNS,CB1_CAL_S_CF1_RI2_TI2_R08,671301.0,0.1,11.8,1672.0,1961,True,0.13125845737483077
ALNS,CB1_CAL_S_CF1_RI2_TI2_R08,671301.0,0.25,29.5,1626.0,8777,True,0.1001353179972937
ALNS,CB1_CAL_S_CF1_RI2_TI2_R08,671301.0,0.5,59.0,1616.0,19433,True,0.09336941813261168
ALNS,CB1_CAL_S_CF1_RI2_TI2_R08,671301.0,0.75,88.5,1605.0,32081,True,0.08592692828146142
ALNS,CB1_CAL_S_CF1_RI2_TI2_R08,671301.0,1.0,118.0,1605.0,32081,True,0.08592692828146142
ALNS,CB1_CAL_S_CF1_RI2_TI2_R08,671302.0,0.05,5.9,1598.0,873,True,0.08119079837618393
ALNS,CB1_CAL_S_CF1_RI2_TI2_R08,671302.0,0.1,11.8,1598.0,873,True,0.08119079837618393
ALNS,CB1_CAL_S_CF1_RI2_TI2_R08,671302.0,0.25,29.5,1569.0,11265,True,0.061569688768606134
ALNS,CB1_CAL_S_CF1_RI2_TI2_R08,671302.0,0.5,59.0,1478.0,16177,True,0.0
ALNS,CB1_CAL_S_CF1_RI2_TI2_R08,671302.0,0.75,88.5,1478.0,16177,True,0.0
ALNS,CB1_CAL_S_CF1_RI2_TI2_R08,671302.0,1.0,118.0,1478.0,16177,True,0.0
ALNS,CB1_CAL_S_CF1_RI2_TI2_R08,671303.0,0.05,5.9,1571.0,2233,True,0.06292286874154263
ALNS,CB1_CAL_S_CF1_RI2_TI2_R08,671303.0,0.1,11.8,1525.0,4457,True,0.031799729364005325
ALNS,CB1_CAL_S_CF1_RI2_TI2_R08,671303.0,0.25,29.5,1488.0,8505,True,0.006765899864682012
ALNS,CB1_CAL_S_CF1_RI2_TI2_R08,671303.0,0.5,59.0,1488.0,8505,True,0.006765899864682012
ALNS,CB1_CAL_S_CF1_RI2_TI2_R08,671303.0,0.75,88.5,1488.0,8505,True,0.006765899864682012
ALNS,CB1_CAL_S_CF1_RI2_TI2_R08,671303.0,1.0,118.0,1488.0,8505,True,0.006765899864682012
ALNS,CB1_CAL_S_CF1_RI2_TI2_R08,671304.0,0.05,5.9,1729.0,33,True,0.16982408660351833
ALNS,CB1_CAL_S_CF1_RI2_TI2_R08,671304.0,0.1,11.8,1729.0,33,True,0.16982408660351833
ALNS,CB1_CAL_S_CF1_RI2_TI2_R08,671304.0,0.25,29.5,1595.0,7257,True,0.07916102841677941
ALNS,CB1_CAL_S_CF1_RI2_TI2_R08,671304.0,0.5,59.0,1586.0,18057,True,0.07307171853856564
ALNS,CB1_CAL_S_CF1_RI2_TI2_R08,671304.0,0.75,88.5,1586.0,18057,True,0.07307171853856564
ALNS,CB1_CAL_S_CF1_RI2_TI2_R08,671304.0,1.0,118.0,1523.0,38985,True,0.030446549391069055
ALNS,CB1_CAL_S_CF1_RI2_TI2_R08,671305.0,0.05,5.9,1792.0,1545,True,0.21244925575101492
ALNS,CB1_CAL_S_CF1_RI2_TI2_R08,671305.0,0.1,11.8,1686.0,4481,True,0.14073071718538555
ALNS,CB1_CAL_S_CF1_RI2_TI2_R08,671305.0,0.25,29.5,1654.0,4577,True,0.11907983761840324
ALNS,CB1_CAL_S_CF1_RI2_TI2_R08,671305.0,0.5,59.0,1654.0,4577,True,0.11907983761840324
ALNS,CB1_CAL_S_CF1_RI2_TI2_R08,671305.0,0.75,88.5,1594.0,31937,True,0.07848443843031117
ALNS,CB1_CAL_S_CF1_RI2_TI2_R08,671305.0,1.0,118.0,1579.0,39457,True,0.06833558863328815
ALNS,CB1_CAL_S_CF2_RI2_TI2_R08,671301.0,0.05,5.5,1499.0,1209,True,0.2617845117845117
ALNS,CB1_CAL_S_CF2_RI2_TI2_R08,671301.0,0.1,11.0,1441.0,3761,True,0.21296296296296302
ALNS,CB1_CAL_S_CF2_RI2_TI2_R08,671301.0,0.25,27.5,1414.0,11633,True,0.1902356902356903
ALNS,CB1_CAL_S_CF2_RI2_TI2_R08,671301.0,0.5,55.0,1390.0,21849,True,0.17003367003366998
ALNS,CB1_CAL_S_CF2_RI2_TI2_R08,671301.0,0.75,82.5,1363.0,24201,True,0.14730639730639727
ALNS,CB1_CAL_S_CF2_RI2_TI2_R08,671301.0,1.0,110.0,1342.0,47081,True,0.12962962962962954
ALNS,CB1_CAL_S_CF2_RI2_TI2_R08,671302.0,0.05,5.5,1494.0,729,True,0.25757575757575757
ALNS,CB1_CAL_S_CF2_RI2_TI2_R08,671302.0,0.1,11.0,1455.0,3817,True,0.2247474747474747
ALNS,CB1_CAL_S_CF2_RI2_TI2_R08,671302.0,0.25,27.5,1421.0,6641,True,0.19612794612794615
ALNS,CB1_CAL_S_CF2_RI2_TI2_R08,671302.0,0.5,55.0,1413.0,20489,True,0.18939393939393945
ALNS,CB1_CAL_S_CF2_RI2_TI2_R08,671302.0,0.75,82.5,1387.0,31721,True,0.1675084175084176
ALNS,CB1_CAL_S_CF2_RI2_TI2_R08,671302.0,1.0,110.0,1353.0,36657,True,0.13888888888888884
ALNS,CB1_CAL_S_CF2_RI2_TI2_R08,671303.0,0.05,5.5,1518.0,825,True,0.2777777777777777
ALNS,CB1_CAL_S_CF2_RI2_TI2_R08,671303.0,0.1,11.0,1399.0,4457,True,0.17760942760942755
ALNS,CB1_CAL_S_CF2_RI2_TI2_R08,671303.0,0.25,27.5,1383.0,8489,True,0.16414141414141414
ALNS,CB1_CAL_S_CF2_RI2_TI2_R08,671303.0,0.5,55.0,1348.0,18289,True,0.13468013468013473
ALNS,CB1_CAL_S_CF2_RI2_TI2_R08,671303.0,0.75,82.5,1348.0,18289,True,0.13468013468013473
ALNS,CB1_CAL_S_CF2_RI2_TI2_R08,671303.0,1.0,110.0,1341.0,38953,True,0.1287878787878789
ALNS,CB1_CAL_S_CF2_RI2_TI2_R08,671304.0,0.05,5.5,1505.0,369,True,0.26683501683501687
ALNS,CB1_CAL_S_CF2_RI2_TI2_R08,671304.0,0.1,11.0,1474.0,3401,True,0.2407407407407407
ALNS,CB1_CAL_S_CF2_RI2_TI2_R08,671304.0,0.25,27.5,1428.0,7457,True,0.202020202020202
ALNS,CB1_CAL_S_CF2_RI2_TI2_R08,671304.0,0.5,55.0,1428.0,7457,True,0.202020202020202
ALNS,CB1_CAL_S_CF2_RI2_TI2_R08,671304.0,0.75,82.5,1428.0,7457,True,0.202020202020202
ALNS,CB1_CAL_S_CF2_RI2_TI2_R08,671304.0,1.0,110.0,1428.0,7457,True,0.202020202020202
ALNS,CB1_CAL_S_CF2_RI2_TI2_R08,671305.0,0.05,5.5,1485.0,2009,True,0.25
ALNS,CB1_CAL_S_CF2_RI2_TI2_R08,671305.0,0.1,11.0,1460.0,3377,True,0.22895622895622902
ALNS,CB1_CAL_S_CF2_RI2_TI2_R08,671305.0,0.25,27.5,1438.0,7641,True,0.21043771043771042
ALNS,CB1_CAL_S_CF2_RI2_TI2_R08,671305.0,0.5,55.0,1399.0,15601,True,0.17760942760942755
ALNS,CB1_CAL_S_CF2_RI2_TI2_R08,671305.0,0.75,82.5,1399.0,15601,True,0.17760942760942755
ALNS,CB1_CAL_S_CF2_RI2_TI2_R08,671305.0,1.0,110.0,1399.0,15601,True,0.17760942760942755
ALNS,CB1_CAL_S_CF3_RI2_TI2_R08,671301.0,0.05,6.300000000000001,1785.0,1,True,0.10185185185185186
ALNS,CB1_CAL_S_CF3_RI2_TI2_R08,671301.0,0.1,12.600000000000001,1785.0,1,True,0.10185185185185186
ALNS,CB1_CAL_S_CF3_RI2_TI2_R08,671301.0,0.25,31.5,1785.0,1,True,0.10185185185185186
ALNS,CB1_CAL_S_CF3_RI2_TI2_R08,671301.0,0.5,63.0,1785.0,1,True,0.10185185185185186
ALNS,CB1_CAL_S_CF3_RI2_TI2_R08,671301.0,0.75,94.5,1785.0,1,True,0.10185185185185186
ALNS,CB1_CAL_S_CF3_RI2_TI2_R08,671301.0,1.0,126.0,1785.0,1,True,0.10185185185185186
ALNS,CB1_CAL_S_CF3_RI2_TI2_R08,671302.0,0.05,6.300000000000001,1785.0,1,True,0.10185185185185186
ALNS,CB1_CAL_S_CF3_RI2_TI2_R08,671302.0,0.1,12.600000000000001,1785.0,1,True,0.10185185185185186
ALNS,CB1_CAL_S_CF3_RI2_TI2_R08,671302.0,0.25,31.5,1785.0,1,True,0.10185185185185186
ALNS,CB1_CAL_S_CF3_RI2_TI2_R08,671302.0,0.5,63.0,1760.0,21377,True,0.08641975308641969
ALNS,CB1_CAL_S_CF3_RI2_TI2_R08,671302.0,0.75,94.5,1760.0,21377,True,0.08641975308641969
ALNS,CB1_CAL_S_CF3_RI2_TI2_R08,671302.0,1.0,126.0,1759.0,35193,True,0.08580246913580236
ALNS,CB1_CAL_S_CF3_RI2_TI2_R08,671303.0,0.05,6.300000000000001,1785.0,1,True,0.10185185185185186
ALNS,CB1_CAL_S_CF3_RI2_TI2_R08,671303.0,0.1,12.600000000000001,1785.0,1,True,0.10185185185185186
ALNS,CB1_CAL_S_CF3_RI2_TI2_R08,671303.0,0.25,31.5,1785.0,1,True,0.10185185185185186
ALNS,CB1_CAL_S_CF3_RI2_TI2_R08,671303.0,0.5,63.0,1780.0,21017,True,0.09876543209876543
ALNS,CB1_CAL_S_CF3_RI2_TI2_R08,671303.0,0.75,94.5,1780.0,21017,True,0.09876543209876543
ALNS,CB1_CAL_S_CF3_RI2_TI2_R08,671303.0,1.0,126.0,1780.0,21017,True,0.09876543209876543
ALNS,CB1_CAL_S_CF3_RI2_TI2_R08,671304.0,0.05,6.300000000000001,1785.0,1,True,0.10185185185185186
ALNS,CB1_CAL_S_CF3_RI2_TI2_R08,671304.0,0.1,12.600000000000001,1785.0,1,True,0.10185185185185186
ALNS,CB1_CAL_S_CF3_RI2_TI2_R08,671304.0,0.25,31.5,1785.0,1,True,0.10185185185185186
ALNS,CB1_CAL_S_CF3_RI2_TI2_R08,671304.0,0.5,63.0,1785.0,1,True,0.10185185185185186
ALNS,CB1_CAL_S_CF3_RI2_TI2_R08,671304.0,0.75,94.5,1760.0,27681,True,0.08641975308641969
ALNS,CB1_CAL_S_CF3_RI2_TI2_R08,671304.0,1.0,126.0,1745.0,37929,True,0.07716049382716039
ALNS,CB1_CAL_S_CF3_RI2_TI2_R08,671305.0,0.05,6.300000000000001,1785.0,1,True,0.10185185185185186
ALNS,CB1_CAL_S_CF3_RI2_TI2_R08,671305.0,0.1,12.600000000000001,1785.0,1,True,0.10185185185185186
ALNS,CB1_CAL_S_CF3_RI2_TI2_R08,671305.0,0.25,31.5,1785.0,1,True,0.10185185185185186
ALNS,CB1_CAL_S_CF3_RI2_TI2_R08,671305.0,0.5,63.0,1782.0,22065,True,0.10000000000000009
ALNS,CB1_CAL_S_CF3_RI2_TI2_R08,671305.0,0.75,94.5,1756.0,27761,True,0.08395061728395059
ALNS,CB1_CAL_S_CF3_RI2_TI2_R08,671305.0,1.0,126.0,1750.0,33193,True,0.08024691358024683
PHASE6H_CSGNI,CB1_CAL_L_CF1_RI2_TI2_R08,671301.0,0.05,17.7,4410.0,41,True,0.0753474762253108
PHASE6H_CSGNI,CB1_CAL_L_CF1_RI2_TI2_R08,671301.0,0.1,35.4,4410.0,41,True,0.0753474762253108
PHASE6H_CSGNI,CB1_CAL_L_CF1_RI2_TI2_R08,671301.0,0.25,88.5,4371.0,2833,True,0.06583760058522303
PHASE6H_CSGNI,CB1_CAL_L_CF1_RI2_TI2_R08,671301.0,0.5,177.0,4230.0,4889,True,0.03145574250182892
PHASE6H_CSGNI,CB1_CAL_L_CF1_RI2_TI2_R08,671301.0,0.75,265.5,4230.0,4889,True,0.03145574250182892
PHASE6H_CSGNI,CB1_CAL_L_CF1_RI2_TI2_R08,671301.0,1.0,354.0,4230.0,4889,True,0.03145574250182892
PHASE6H_CSGNI,CB1_CAL_L_CF1_RI2_TI2_R08,671302.0,0.05,17.7,4333.0,625,True,0.05657156791026585
PHASE6H_CSGNI,CB1_CAL_L_CF1_RI2_TI2_R08,671302.0,0.1,35.4,4333.0,625,True,0.05657156791026585
PHASE6H_CSGNI,CB1_CAL_L_CF1_RI2_TI2_R08,671302.0,0.25,88.5,4288.0,3137,True,0.04559863447939527
PHASE6H_CSGNI,CB1_CAL_L_CF1_RI2_TI2_R08,671302.0,0.5,177.0,4288.0,3137,True,0.04559863447939527
PHASE6H_CSGNI,CB1_CAL_L_CF1_RI2_TI2_R08,671302.0,0.75,265.5,4288.0,3137,True,0.04559863447939527
PHASE6H_CSGNI,CB1_CAL_L_CF1_RI2_TI2_R08,671302.0,1.0,354.0,4288.0,3137,True,0.04559863447939527
PHASE6H_CSGNI,CB1_CAL_L_CF1_RI2_TI2_R08,671303.0,0.05,17.7,4365.0,473,True,0.06437454279444044
PHASE6H_CSGNI,CB1_CAL_L_CF1_RI2_TI2_R08,671303.0,0.1,35.4,4365.0,473,True,0.06437454279444044
PHASE6H_CSGNI,CB1_CAL_L_CF1_RI2_TI2_R08,671303.0,0.25,88.5,4254.0,4097,True,0.03730797366495975
PHASE6H_CSGNI,CB1_CAL_L_CF1_RI2_TI2_R08,671303.0,0.5,177.0,4224.0,4489,True,0.029992684711046103
PHASE6H_CSGNI,CB1_CAL_L_CF1_RI2_TI2_R08,671303.0,0.75,265.5,4224.0,4489,True,0.029992684711046103
PHASE6H_CSGNI,CB1_CAL_L_CF1_RI2_TI2_R08,671303.0,1.0,354.0,4224.0,4489,True,0.029992684711046103
PHASE6H_CSGNI,CB1_CAL_L_CF1_RI2_TI2_R08,671304.0,0.05,17.7,4424.0,793,True,0.07876127773713737
PHASE6H_CSGNI,CB1_CAL_L_CF1_RI2_TI2_R08,671304.0,0.1,35.4,4294.0,1545,True,0.04706169227017809
PHASE6H_CSGNI,CB1_CAL_L_CF1_RI2_TI2_R08,671304.0,0.25,88.5,4294.0,1545,True,0.04706169227017809
PHASE6H_CSGNI,CB1_CAL_L_CF1_RI2_TI2_R08,671304.0,0.5,177.0,4294.0,1545,True,0.04706169227017809
PHASE6H_CSGNI,CB1_CAL_L_CF1_RI2_TI2_R08,671304.0,0.75,265.5,4225.0,13121,True,0.03023652767617646
PHASE6H_CSGNI,CB1_CAL_L_CF1_RI2_TI2_R08,671304.0,1.0,354.0,4225.0,13121,True,0.03023652767617646
PHASE6H_CSGNI,CB1_CAL_L_CF1_RI2_TI2_R08,671305.0,0.05,17.7,4364.0,33,True,0.06413069982930986
PHASE6H_CSGNI,CB1_CAL_L_CF1_RI2_TI2_R08,671305.0,0.1,35.4,4334.0,969,True,0.05681541087539621
PHASE6H_CSGNI,CB1_CAL_L_CF1_RI2_TI2_R08,671305.0,0.25,88.5,4334.0,969,True,0.05681541087539621
PHASE6H_CSGNI,CB1_CAL_L_CF1_RI2_TI2_R08,671305.0,0.5,177.0,4182.0,6841,True,0.019751280175567043
PHASE6H_CSGNI,CB1_CAL_L_CF1_RI2_TI2_R08,671305.0,0.75,265.5,4182.0,6841,True,0.019751280175567043
PHASE6H_CSGNI,CB1_CAL_L_CF1_RI2_TI2_R08,671305.0,1.0,354.0,4182.0,6841,True,0.019751280175567043
PHASE6H_CSGNI,CB1_CAL_L_CF2_RI2_TI2_R08,671301.0,0.05,19.3,4858.0,1,True,0.02467833790339591
PHASE6H_CSGNI,CB1_CAL_L_CF2_RI2_TI2_R08,671301.0,0.1,38.6,4858.0,1,True,0.02467833790339591
PHASE6H_CSGNI,CB1_CAL_L_CF2_RI2_TI2_R08,671301.0,0.25,96.5,4858.0,1,True,0.02467833790339591
PHASE6H_CSGNI,CB1_CAL_L_CF2_RI2_TI2_R08,671301.0,0.5,193.0,4855.0,5801,True,0.02404556000843705
PHASE6H_CSGNI,CB1_CAL_L_CF2_RI2_TI2_R08,671301.0,0.75,289.5,4855.0,5801,True,0.02404556000843705
PHASE6H_CSGNI,CB1_CAL_L_CF2_RI2_TI2_R08,671301.0,1.0,386.0,4855.0,5801,True,0.02404556000843705
PHASE6H_CSGNI,CB1_CAL_L_CF2_RI2_TI2_R08,671302.0,0.05,19.3,4790.0,9,True,0.010335372284328237
PHASE6H_CSGNI,CB1_CAL_L_CF2_RI2_TI2_R08,671302.0,0.1,38.6,4790.0,9,True,0.010335372284328237
PHASE6H_CSGNI,CB1_CAL_L_CF2_RI2_TI2_R08,671302.0,0.25,96.5,4790.0,9,True,0.010335372284328237
PHASE6H_CSGNI,CB1_CAL_L_CF2_RI2_TI2_R08,671302.0,0.5,193.0,4790.0,9,True,0.010335372284328237
PHASE6H_CSGNI,CB1_CAL_L_CF2_RI2_TI2_R08,671302.0,0.75,289.5,4790.0,9,True,0.010335372284328237
PHASE6H_CSGNI,CB1_CAL_L_CF2_RI2_TI2_R08,671302.0,1.0,386.0,4790.0,9,True,0.010335372284328237
PHASE6H_CSGNI,CB1_CAL_L_CF2_RI2_TI2_R08,671303.0,0.05,19.3,4777.0,33,True,0.007593334739506519
PHASE6H_CSGNI,CB1_CAL_L_CF2_RI2_TI2_R08,671303.0,0.1,38.6,4777.0,33,True,0.007593334739506519
PHASE6H_CSGNI,CB1_CAL_L_CF2_RI2_TI2_R08,671303.0,0.25,96.5,4777.0,33,True,0.007593334739506519
PHASE6H_CSGNI,CB1_CAL_L_CF2_RI2_TI2_R08,671303.0,0.5,193.0,4777.0,33,True,0.007593334739506519
PHASE6H_CSGNI,CB1_CAL_L_CF2_RI2_TI2_R08,671303.0,0.75,289.5,4777.0,33,True,0.007593334739506519
PHASE6H_CSGNI,CB1_CAL_L_CF2_RI2_TI2_R08,671303.0,1.0,386.0,4777.0,33,True,0.007593334739506519
PHASE6H_CSGNI,CB1_CAL_L_CF2_RI2_TI2_R08,671304.0,0.05,19.3,4858.0,1,True,0.02467833790339591
PHASE6H_CSGNI,CB1_CAL_L_CF2_RI2_TI2_R08,671304.0,0.1,38.6,4858.0,1,True,0.02467833790339591
PHASE6H_CSGNI,CB1_CAL_L_CF2_RI2_TI2_R08,671304.0,0.25,96.5,4858.0,1,True,0.02467833790339591
PHASE6H_CSGNI,CB1_CAL_L_CF2_RI2_TI2_R08,671304.0,0.5,193.0,4858.0,1,True,0.02467833790339591
PHASE6H_CSGNI,CB1_CAL_L_CF2_RI2_TI2_R08,671304.0,0.75,289.5,4858.0,1,True,0.02467833790339591
PHASE6H_CSGNI,CB1_CAL_L_CF2_RI2_TI2_R08,671304.0,1.0,386.0,4858.0,1,True,0.02467833790339591
PHASE6H_CSGNI,CB1_CAL_L_CF2_RI2_TI2_R08,671305.0,0.05,19.3,4858.0,1,True,0.02467833790339591
PHASE6H_CSGNI,CB1_CAL_L_CF2_RI2_TI2_R08,671305.0,0.1,38.6,4858.0,1,True,0.02467833790339591
PHASE6H_CSGNI,CB1_CAL_L_CF2_RI2_TI2_R08,671305.0,0.25,96.5,4858.0,1,True,0.02467833790339591
PHASE6H_CSGNI,CB1_CAL_L_CF2_RI2_TI2_R08,671305.0,0.5,193.0,4858.0,1,True,0.02467833790339591
PHASE6H_CSGNI,CB1_CAL_L_CF2_RI2_TI2_R08,671305.0,0.75,289.5,4858.0,1,True,0.02467833790339591
PHASE6H_CSGNI,CB1_CAL_L_CF2_RI2_TI2_R08,671305.0,1.0,386.0,4858.0,1,True,0.02467833790339591
PHASE6H_CSGNI,CB1_CAL_L_CF3_RI2_TI2_R08,671301.0,0.05,17.1,3801.0,25,True,0.02924451665312744
PHASE6H_CSGNI,CB1_CAL_L_CF3_RI2_TI2_R08,671301.0,0.1,34.2,3801.0,25,True,0.02924451665312744
PHASE6H_CSGNI,CB1_CAL_L_CF3_RI2_TI2_R08,671301.0,0.25,85.5,3801.0,25,True,0.02924451665312744
PHASE6H_CSGNI,CB1_CAL_L_CF3_RI2_TI2_R08,671301.0,0.5,171.0,3801.0,25,True,0.02924451665312744
PHASE6H_CSGNI,CB1_CAL_L_CF3_RI2_TI2_R08,671301.0,0.75,256.5,3801.0,25,True,0.02924451665312744
PHASE6H_CSGNI,CB1_CAL_L_CF3_RI2_TI2_R08,671301.0,1.0,342.0,3801.0,25,True,0.02924451665312744
PHASE6H_CSGNI,CB1_CAL_L_CF3_RI2_TI2_R08,671302.0,0.05,17.1,3717.0,9,True,0.006498781478472715
PHASE6H_CSGNI,CB1_CAL_L_CF3_RI2_TI2_R08,671302.0,0.1,34.2,3717.0,9,True,0.006498781478472715
PHASE6H_CSGNI,CB1_CAL_L_CF3_RI2_TI2_R08,671302.0,0.25,85.5,3717.0,9,True,0.006498781478472715
PHASE6H_CSGNI,CB1_CAL_L_CF3_RI2_TI2_R08,671302.0,0.5,171.0,3717.0,9,True,0.006498781478472715
PHASE6H_CSGNI,CB1_CAL_L_CF3_RI2_TI2_R08,671302.0,0.75,256.5,3717.0,9,True,0.006498781478472715
PHASE6H_CSGNI,CB1_CAL_L_CF3_RI2_TI2_R08,671302.0,1.0,342.0,3717.0,9,True,0.006498781478472715
PHASE6H_CSGNI,CB1_CAL_L_CF3_RI2_TI2_R08,671303.0,0.05,17.1,3761.0,9,True,0.01841321418900632
PHASE6H_CSGNI,CB1_CAL_L_CF3_RI2_TI2_R08,671303.0,0.1,34.2,3761.0,9,True,0.01841321418900632
PHASE6H_CSGNI,CB1_CAL_L_CF3_RI2_TI2_R08,671303.0,0.25,85.5,3761.0,9,True,0.01841321418900632
PHASE6H_CSGNI,CB1_CAL_L_CF3_RI2_TI2_R08,671303.0,0.5,171.0,3761.0,9,True,0.01841321418900632
PHASE6H_CSGNI,CB1_CAL_L_CF3_RI2_TI2_R08,671303.0,0.75,256.5,3761.0,9,True,0.01841321418900632
PHASE6H_CSGNI,CB1_CAL_L_CF3_RI2_TI2_R08,671303.0,1.0,342.0,3761.0,9,True,0.01841321418900632
PHASE6H_CSGNI,CB1_CAL_L_CF3_RI2_TI2_R08,671304.0,0.05,17.1,3693.0,9,True,0.0
PHASE6H_CSGNI,CB1_CAL_L_CF3_RI2_TI2_R08,671304.0,0.1,34.2,3693.0,9,True,0.0
PHASE6H_CSGNI,CB1_CAL_L_CF3_RI2_TI2_R08,671304.0,0.25,85.5,3693.0,9,True,0.0
PHASE6H_CSGNI,CB1_CAL_L_CF3_RI2_TI2_R08,671304.0,0.5,171.0,3693.0,9,True,0.0
PHASE6H_CSGNI,CB1_CAL_L_CF3_RI2_TI2_R08,671304.0,0.75,256.5,3693.0,9,True,0.0
PHASE6H_CSGNI,CB1_CAL_L_CF3_RI2_TI2_R08,671304.0,1.0,342.0,3693.0,9,True,0.0
PHASE6H_CSGNI,CB1_CAL_L_CF3_RI2_TI2_R08,671305.0,0.05,17.1,3876.0,1,True,0.049553208773355006
PHASE6H_CSGNI,CB1_CAL_L_CF3_RI2_TI2_R08,671305.0,0.1,34.2,3876.0,1,True,0.049553208773355006
PHASE6H_CSGNI,CB1_CAL_L_CF3_RI2_TI2_R08,671305.0,0.25,85.5,3876.0,1,True,0.049553208773355006
PHASE6H_CSGNI,CB1_CAL_L_CF3_RI2_TI2_R08,671305.0,0.5,171.0,3876.0,1,True,0.049553208773355006
PHASE6H_CSGNI,CB1_CAL_L_CF3_RI2_TI2_R08,671305.0,0.75,256.5,3876.0,1,True,0.049553208773355006
PHASE6H_CSGNI,CB1_CAL_L_CF3_RI2_TI2_R08,671305.0,1.0,342.0,3876.0,1,True,0.049553208773355006
PHASE6H_CSGNI,CB1_CAL_M_CF1_RI2_TI2_R08,671301.0,0.05,12.700000000000001,3238.0,537,True,0.07897367544151956
PHASE6H_CSGNI,CB1_CAL_M_CF1_RI2_TI2_R08,671301.0,0.1,25.400000000000002,3238.0,537,True,0.07897367544151956
PHASE6H_CSGNI,CB1_CAL_M_CF1_RI2_TI2_R08,671301.0,0.25,63.5,3225.0,3241,True,0.07464178607130956
PHASE6H_CSGNI,CB1_CAL_M_CF1_RI2_TI2_R08,671301.0,0.5,127.0,3225.0,3241,True,0.07464178607130956
PHASE6H_CSGNI,CB1_CAL_M_CF1_RI2_TI2_R08,671301.0,0.75,190.5,3225.0,3241,True,0.07464178607130956
PHASE6H_CSGNI,CB1_CAL_M_CF1_RI2_TI2_R08,671301.0,1.0,254.0,3225.0,3241,True,0.07464178607130956
PHASE6H_CSGNI,CB1_CAL_M_CF1_RI2_TI2_R08,671302.0,0.05,12.700000000000001,3338.0,897,True,0.11229590136621126
PHASE6H_CSGNI,CB1_CAL_M_CF1_RI2_TI2_R08,671302.0,0.1,25.400000000000002,3237.0,1929,True,0.07864045318227264
PHASE6H_CSGNI,CB1_CAL_M_CF1_RI2_TI2_R08,671302.0,0.25,63.5,3135.0,4289,True,0.044651782739086876
PHASE6H_CSGNI,CB1_CAL_M_CF1_RI2_TI2_R08,671302.0,0.5,127.0,3119.0,10073,True,0.03932022659113632
PHASE6H_CSGNI,CB1_CAL_M_CF1_RI2_TI2_R08,671302.0,0.75,190.5,3107.0,11977,True,0.03532155948017324
PHASE6H_CSGNI,CB1_CAL_M_CF1_RI2_TI2_R08,671302.0,1.0,254.0,3107.0,11977,True,0.03532155948017324
PHASE6H_CSGNI,CB1_CAL_M_CF1_RI2_TI2_R08,671303.0,0.05,12.700000000000001,3276.0,217,True,0.09163612129290244
PHASE6H_CSGNI,CB1_CAL_M_CF1_RI2_TI2_R08,671303.0,0.1,25.400000000000002,3258.0,1497,True,0.08563812062645781
PHASE6H_CSGNI,CB1_CAL_M_CF1_RI2_TI2_R08,671303.0,0.25,63.5,3136.0,4513,True,0.0449850049983338
PHASE6H_CSGNI,CB1_CAL_M_CF1_RI2_TI2_R08,671303.0,0.5,127.0,3055.0,6489,True,0.017994001999333653
PHASE6H_CSGNI,CB1_CAL_M_CF1_RI2_TI2_R08,671303.0,0.75,190.5,3055.0,6489,True,0.017994001999333653
PHASE6H_CSGNI,CB1_CAL_M_CF1_RI2_TI2_R08,671303.0,1.0,254.0,3055.0,6489,True,0.017994001999333653
PHASE6H_CSGNI,CB1_CAL_M_CF1_RI2_TI2_R08,671304.0,0.05,12.700000000000001,3235.0,89,True,0.0779740086637788
PHASE6H_CSGNI,CB1_CAL_M_CF1_RI2_TI2_R08,671304.0,0.1,25.400000000000002,3232.0,1985,True,0.07697434188603802
PHASE6H_CSGNI,CB1_CAL_M_CF1_RI2_TI2_R08,671304.0,0.25,63.5,3130.0,4593,True,0.04298567144285248
PHASE6H_CSGNI,CB1_CAL_M_CF1_RI2_TI2_R08,671304.0,0.5,127.0,3079.0,5185,True,0.025991336221259598
PHASE6H_CSGNI,CB1_CAL_M_CF1_RI2_TI2_R08,671304.0,0.75,190.5,3079.0,5185,True,0.025991336221259598
PHASE6H_CSGNI,CB1_CAL_M_CF1_RI2_TI2_R08,671304.0,1.0,254.0,3079.0,5185,True,0.025991336221259598
PHASE6H_CSGNI,CB1_CAL_M_CF1_RI2_TI2_R08,671305.0,0.05,12.700000000000001,3199.0,73,True,0.06597800733088977
PHASE6H_CSGNI,CB1_CAL_M_CF1_RI2_TI2_R08,671305.0,0.1,25.400000000000002,3123.0,1729,True,0.040653115628124015
PHASE6H_CSGNI,CB1_CAL_M_CF1_RI2_TI2_R08,671305.0,0.25,63.5,3096.0,2537,True,0.03165611462845708
PHASE6H_CSGNI,CB1_CAL_M_CF1_RI2_TI2_R08,671305.0,0.5,127.0,3080.0,9785,True,0.02632455848050652
PHASE6H_CSGNI,CB1_CAL_M_CF1_RI2_TI2_R08,671305.0,0.75,190.5,3040.0,10897,True,0.012995668110629799
PHASE6H_CSGNI,CB1_CAL_M_CF1_RI2_TI2_R08,671305.0,1.0,254.0,3040.0,10897,True,0.012995668110629799
PHASE6H_CSGNI,CB1_CAL_M_CF2_RI2_TI2_R08,671301.0,0.05,12.5,3196.0,33,True,0.0724832214765101
PHASE6H_CSGNI,CB1_CAL_M_CF2_RI2_TI2_R08,671301.0,0.1,25.0,3196.0,33,True,0.0724832214765101
PHASE6H_CSGNI,CB1_CAL_M_CF2_RI2_TI2_R08,671301.0,0.25,62.5,3196.0,33,True,0.0724832214765101
PHASE6H_CSGNI,CB1_CAL_M_CF2_RI2_TI2_R08,671301.0,0.5,125.0,3196.0,33,True,0.0724832214765101
PHASE6H_CSGNI,CB1_CAL_M_CF2_RI2_TI2_R08,671301.0,0.75,187.5,3196.0,33,True,0.0724832214765101
PHASE6H_CSGNI,CB1_CAL_M_CF2_RI2_TI2_R08,671301.0,1.0,250.0,3196.0,33,True,0.0724832214765101
PHASE6H_CSGNI,CB1_CAL_M_CF2_RI2_TI2_R08,671302.0,0.05,12.5,3245.0,9,True,0.0889261744966443
PHASE6H_CSGNI,CB1_CAL_M_CF2_RI2_TI2_R08,671302.0,0.1,25.0,3245.0,9,True,0.0889261744966443
PHASE6H_CSGNI,CB1_CAL_M_CF2_RI2_TI2_R08,671302.0,0.25,62.5,3111.0,3265,True,0.0439597315436242
PHASE6H_CSGNI,CB1_CAL_M_CF2_RI2_TI2_R08,671302.0,0.5,125.0,2980.0,5817,True,0.0
PHASE6H_CSGNI,CB1_CAL_M_CF2_RI2_TI2_R08,671302.0,0.75,187.5,2980.0,5817,True,0.0
PHASE6H_CSGNI,CB1_CAL_M_CF2_RI2_TI2_R08,671302.0,1.0,250.0,2980.0,5817,True,0.0
PHASE6H_CSGNI,CB1_CAL_M_CF2_RI2_TI2_R08,671303.0,0.05,12.5,3151.0,25,True,0.05738255033557049
PHASE6H_CSGNI,CB1_CAL_M_CF2_RI2_TI2_R08,671303.0,0.1,25.0,3151.0,25,True,0.05738255033557049
PHASE6H_CSGNI,CB1_CAL_M_CF2_RI2_TI2_R08,671303.0,0.25,62.5,3151.0,25,True,0.05738255033557049
PHASE6H_CSGNI,CB1_CAL_M_CF2_RI2_TI2_R08,671303.0,0.5,125.0,3151.0,25,True,0.05738255033557049
PHASE6H_CSGNI,CB1_CAL_M_CF2_RI2_TI2_R08,671303.0,0.75,187.5,3151.0,25,True,0.05738255033557049
PHASE6H_CSGNI,CB1_CAL_M_CF2_RI2_TI2_R08,671303.0,1.0,250.0,3118.0,19873,True,0.04630872483221471
PHASE6H_CSGNI,CB1_CAL_M_CF2_RI2_TI2_R08,671304.0,0.05,12.5,3184.0,41,True,0.06845637583892628
PHASE6H_CSGNI,CB1_CAL_M_CF2_RI2_TI2_R08,671304.0,0.1,25.0,3184.0,41,True,0.06845637583892628
PHASE6H_CSGNI,CB1_CAL_M_CF2_RI2_TI2_R08,671304.0,0.25,62.5,3184.0,41,True,0.06845637583892628
PHASE6H_CSGNI,CB1_CAL_M_CF2_RI2_TI2_R08,671304.0,0.5,125.0,3159.0,7025,True,0.060067114093959706
PHASE6H_CSGNI,CB1_CAL_M_CF2_RI2_TI2_R08,671304.0,0.75,187.5,3159.0,7025,True,0.060067114093959706
PHASE6H_CSGNI,CB1_CAL_M_CF2_RI2_TI2_R08,671304.0,1.0,250.0,3159.0,7025,True,0.060067114093959706
PHASE6H_CSGNI,CB1_CAL_M_CF2_RI2_TI2_R08,671305.0,0.05,12.5,3229.0,9,True,0.08355704697986588
PHASE6H_CSGNI,CB1_CAL_M_CF2_RI2_TI2_R08,671305.0,0.1,25.0,3229.0,9,True,0.08355704697986588
PHASE6H_CSGNI,CB1_CAL_M_CF2_RI2_TI2_R08,671305.0,0.25,62.5,3229.0,9,True,0.08355704697986588
PHASE6H_CSGNI,CB1_CAL_M_CF2_RI2_TI2_R08,671305.0,0.5,125.0,3229.0,9,True,0.08355704697986588
PHASE6H_CSGNI,CB1_CAL_M_CF2_RI2_TI2_R08,671305.0,0.75,187.5,3229.0,9,True,0.08355704697986588
PHASE6H_CSGNI,CB1_CAL_M_CF2_RI2_TI2_R08,671305.0,1.0,250.0,3229.0,9,True,0.08355704697986588
PHASE6H_CSGNI,CB1_CAL_M_CF3_RI2_TI2_R08,671301.0,0.05,12.9,3791.0,17,True,0.06071628427532172
PHASE6H_CSGNI,CB1_CAL_M_CF3_RI2_TI2_R08,671301.0,0.1,25.8,3791.0,17,True,0.06071628427532172
PHASE6H_CSGNI,CB1_CAL_M_CF3_RI2_TI2_R08,671301.0,0.25,64.5,3688.0,2929,True,0.03189703413542255
PHASE6H_CSGNI,CB1_CAL_M_CF3_RI2_TI2_R08,671301.0,0.5,129.0,3688.0,2929,True,0.03189703413542255
PHASE6H_CSGNI,CB1_CAL_M_CF3_RI2_TI2_R08,671301.0,0.75,193.5,3688.0,2929,True,0.03189703413542255
PHASE6H_CSGNI,CB1_CAL_M_CF3_RI2_TI2_R08,671301.0,1.0,258.0,3688.0,2929,True,0.03189703413542255
PHASE6H_CSGNI,CB1_CAL_M_CF3_RI2_TI2_R08,671302.0,0.05,12.9,3631.0,145,True,0.015948517067711165
PHASE6H_CSGNI,CB1_CAL_M_CF3_RI2_TI2_R08,671302.0,0.1,25.8,3631.0,145,True,0.015948517067711165
PHASE6H_CSGNI,CB1_CAL_M_CF3_RI2_TI2_R08,671302.0,0.25,64.5,3631.0,145,True,0.015948517067711165
PHASE6H_CSGNI,CB1_CAL_M_CF3_RI2_TI2_R08,671302.0,0.5,129.0,3631.0,145,True,0.015948517067711165
PHASE6H_CSGNI,CB1_CAL_M_CF3_RI2_TI2_R08,671302.0,0.75,193.5,3631.0,145,True,0.015948517067711165
PHASE6H_CSGNI,CB1_CAL_M_CF3_RI2_TI2_R08,671302.0,1.0,258.0,3631.0,145,True,0.015948517067711165
PHASE6H_CSGNI,CB1_CAL_M_CF3_RI2_TI2_R08,671303.0,0.05,12.9,3762.0,33,True,0.05260212646894247
PHASE6H_CSGNI,CB1_CAL_M_CF3_RI2_TI2_R08,671303.0,0.1,25.8,3762.0,33,True,0.05260212646894247
PHASE6H_CSGNI,CB1_CAL_M_CF3_RI2_TI2_R08,671303.0,0.25,64.5,3695.0,3417,True,0.033855623950755476
PHASE6H_CSGNI,CB1_CAL_M_CF3_RI2_TI2_R08,671303.0,0.5,129.0,3628.0,5953,True,0.015109121432568484
PHASE6H_CSGNI,CB1_CAL_M_CF3_RI2_TI2_R08,671303.0,0.75,193.5,3626.0,13833,True,0.014549524342473363
PHASE6H_CSGNI,CB1_CAL_M_CF3_RI2_TI2_R08,671303.0,1.0,258.0,3626.0,13833,True,0.014549524342473363
PHASE6H_CSGNI,CB1_CAL_M_CF3_RI2_TI2_R08,671304.0,0.05,12.9,3785.0,257,True,0.05903749300503636
PHASE6H_CSGNI,CB1_CAL_M_CF3_RI2_TI2_R08,671304.0,0.1,25.8,3785.0,257,True,0.05903749300503636
PHASE6H_CSGNI,CB1_CAL_M_CF3_RI2_TI2_R08,671304.0,0.25,64.5,3750.0,4489,True,0.04924454392837152
PHASE6H_CSGNI,CB1_CAL_M_CF3_RI2_TI2_R08,671304.0,0.5,129.0,3586.0,9201,True,0.003357582540570725
PHASE6H_CSGNI,CB1_CAL_M_CF3_RI2_TI2_R08,671304.0,0.75,193.5,3586.0,9201,True,0.003357582540570725
PHASE6H_CSGNI,CB1_CAL_M_CF3_RI2_TI2_R08,671304.0,1.0,258.0,3586.0,9201,True,0.003357582540570725
PHASE6H_CSGNI,CB1_CAL_M_CF3_RI2_TI2_R08,671305.0,0.05,12.9,3791.0,33,True,0.06071628427532172
PHASE6H_CSGNI,CB1_CAL_M_CF3_RI2_TI2_R08,671305.0,0.1,25.8,3791.0,33,True,0.06071628427532172
PHASE6H_CSGNI,CB1_CAL_M_CF3_RI2_TI2_R08,671305.0,0.25,64.5,3791.0,33,True,0.06071628427532172
PHASE6H_CSGNI,CB1_CAL_M_CF3_RI2_TI2_R08,671305.0,0.5,129.0,3791.0,33,True,0.06071628427532172
PHASE6H_CSGNI,CB1_CAL_M_CF3_RI2_TI2_R08,671305.0,0.75,193.5,3772.0,13169,True,0.05540011191941807
PHASE6H_CSGNI,CB1_CAL_M_CF3_RI2_TI2_R08,671305.0,1.0,258.0,3702.0,17593,True,0.0358142137660884
PHASE6H_CSGNI,CB1_CAL_S_CF1_RI2_TI2_R08,671301.0,0.05,5.9,1681.0,681,True,0.13734776725304476
PHASE6H_CSGNI,CB1_CAL_S_CF1_RI2_TI2_R08,671301.0,0.1,11.8,1669.0,1785,True,0.12922868741542626
PHASE6H_CSGNI,CB1_CAL_S_CF1_RI2_TI2_R08,671301.0,0.25,29.5,1669.0,1785,True,0.12922868741542626
PHASE6H_CSGNI,CB1_CAL_S_CF1_RI2_TI2_R08,671301.0,0.5,59.0,1540.0,8777,True,0.04194857916102834
PHASE6H_CSGNI,CB1_CAL_S_CF1_RI2_TI2_R08,671301.0,0.75,88.5,1540.0,8777,True,0.04194857916102834
PHASE6H_CSGNI,CB1_CAL_S_CF1_RI2_TI2_R08,671301.0,1.0,118.0,1527.0,15761,True,0.033152909336941816
PHASE6H_CSGNI,CB1_CAL_S_CF1_RI2_TI2_R08,671302.0,0.05,5.9,1645.0,945,True,0.11299052774018947
PHASE6H_CSGNI,CB1_CAL_S_CF1_RI2_TI2_R08,671302.0,0.1,11.8,1645.0,945,True,0.11299052774018947
PHASE6H_CSGNI,CB1_CAL_S_CF1_RI2_TI2_R08,671302.0,0.25,29.5,1569.0,2417,True,0.061569688768606134
PHASE6H_CSGNI,CB1_CAL_S_CF1_RI2_TI2_R08,671302.0,0.5,59.0,1569.0,2417,True,0.061569688768606134
PHASE6H_CSGNI,CB1_CAL_S_CF1_RI2_TI2_R08,671302.0,0.75,88.5,1547.0,10225,True,0.04668470906630584
PHASE6H_CSGNI,CB1_CAL_S_CF1_RI2_TI2_R08,671302.0,1.0,118.0,1547.0,10225,True,0.04668470906630584
PHASE6H_CSGNI,CB1_CAL_S_CF1_RI2_TI2_R08,671303.0,0.05,5.9,1673.0,33,True,0.13193504736129902
PHASE6H_CSGNI,CB1_CAL_S_CF1_RI2_TI2_R08,671303.0,0.1,11.8,1667.0,1537,True,0.12787550744248977
PHASE6H_CSGNI,CB1_CAL_S_CF1_RI2_TI2_R08,671303.0,0.25,29.5,1564.0,4057,True,0.05818673883626513
PHASE6H_CSGNI,CB1_CAL_S_CF1_RI2_TI2_R08,671303.0,0.5,59.0,1529.0,5889,True,0.03450608930987831
PHASE6H_CSGNI,CB1_CAL_S_CF1_RI2_TI2_R08,671303.0,0.75,88.5,1528.0,14113,True,0.03382949932341006
PHASE6H_CSGNI,CB1_CAL_S_CF1_RI2_TI2_R08,671303.0,1.0,118.0,1515.0,15145,True,0.025033829499323312
PHASE6H_CSGNI,CB1_CAL_S_CF1_RI2_TI2_R08,671304.0,0.05,5.9,1727.0,9,True,0.16847090663058184
PHASE6H_CSGNI,CB1_CAL_S_CF1_RI2_TI2_R08,671304.0,0.1,11.8,1619.0,1713,True,0.0953991880920162
PHASE6H_CSGNI,CB1_CAL_S_CF1_RI2_TI2_R08,671304.0,0.25,29.5,1569.0,2441,True,0.061569688768606134
PHASE6H_CSGNI,CB1_CAL_S_CF1_RI2_TI2_R08,671304.0,0.5,59.0,1569.0,2441,True,0.061569688768606134
PHASE6H_CSGNI,CB1_CAL_S_CF1_RI2_TI2_R08,671304.0,0.75,88.5,1534.0,12409,True,0.03788903924221931
PHASE6H_CSGNI,CB1_CAL_S_CF1_RI2_TI2_R08,671304.0,1.0,118.0,1533.0,17641,True,0.03721244925575107
PHASE6H_CSGNI,CB1_CAL_S_CF1_RI2_TI2_R08,671305.0,0.05,5.9,1723.0,753,True,0.16576454668470908
PHASE6H_CSGNI,CB1_CAL_S_CF1_RI2_TI2_R08,671305.0,0.1,11.8,1723.0,753,True,0.16576454668470908
PHASE6H_CSGNI,CB1_CAL_S_CF1_RI2_TI2_R08,671305.0,0.25,29.5,1662.0,4513,True,0.12449255751014876
PHASE6H_CSGNI,CB1_CAL_S_CF1_RI2_TI2_R08,671305.0,0.5,59.0,1602.0,9721,True,0.08389715832205691
PHASE6H_CSGNI,CB1_CAL_S_CF1_RI2_TI2_R08,671305.0,0.75,88.5,1560.0,13601,True,0.05548037889039237
PHASE6H_CSGNI,CB1_CAL_S_CF1_RI2_TI2_R08,671305.0,1.0,118.0,1560.0,13601,True,0.05548037889039237
PHASE6H_CSGNI,CB1_CAL_S_CF2_RI2_TI2_R08,671301.0,0.05,5.5,1515.0,937,True,0.2752525252525253
PHASE6H_CSGNI,CB1_CAL_S_CF2_RI2_TI2_R08,671301.0,0.1,11.0,1455.0,1097,True,0.2247474747474747
PHASE6H_CSGNI,CB1_CAL_S_CF2_RI2_TI2_R08,671301.0,0.25,27.5,1433.0,4657,True,0.20622895622895632
PHASE6H_CSGNI,CB1_CAL_S_CF2_RI2_TI2_R08,671301.0,0.5,55.0,1433.0,4657,True,0.20622895622895632
PHASE6H_CSGNI,CB1_CAL_S_CF2_RI2_TI2_R08,671301.0,0.75,82.5,1388.0,11017,True,0.16835016835016825
PHASE6H_CSGNI,CB1_CAL_S_CF2_RI2_TI2_R08,671301.0,1.0,110.0,1388.0,11017,True,0.16835016835016825
PHASE6H_CSGNI,CB1_CAL_S_CF2_RI2_TI2_R08,671302.0,0.05,5.5,1521.0,1,True,0.2803030303030303
PHASE6H_CSGNI,CB1_CAL_S_CF2_RI2_TI2_R08,671302.0,0.1,11.0,1464.0,1801,True,0.23232323232323226
PHASE6H_CSGNI,CB1_CAL_S_CF2_RI2_TI2_R08,671302.0,0.25,27.5,1397.0,3945,True,0.17592592592592582
PHASE6H_CSGNI,CB1_CAL_S_CF2_RI2_TI2_R08,671302.0,0.5,55.0,1397.0,3945,True,0.17592592592592582
PHASE6H_CSGNI,CB1_CAL_S_CF2_RI2_TI2_R08,671302.0,0.75,82.5,1353.0,12801,True,0.13888888888888884
PHASE6H_CSGNI,CB1_CAL_S_CF2_RI2_TI2_R08,671302.0,1.0,110.0,1347.0,14513,True,0.13383838383838387
PHASE6H_CSGNI,CB1_CAL_S_CF2_RI2_TI2_R08,671303.0,0.05,5.5,1521.0,1,True,0.2803030303030303
PHASE6H_CSGNI,CB1_CAL_S_CF2_RI2_TI2_R08,671303.0,0.1,11.0,1521.0,1,True,0.2803030303030303
PHASE6H_CSGNI,CB1_CAL_S_CF2_RI2_TI2_R08,671303.0,0.25,27.5,1397.0,4233,True,0.17592592592592582
PHASE6H_CSGNI,CB1_CAL_S_CF2_RI2_TI2_R08,671303.0,0.5,55.0,1353.0,8313,True,0.13888888888888884
PHASE6H_CSGNI,CB1_CAL_S_CF2_RI2_TI2_R08,671303.0,0.75,82.5,1350.0,12553,True,0.13636363636363646
PHASE6H_CSGNI,CB1_CAL_S_CF2_RI2_TI2_R08,671303.0,1.0,110.0,1349.0,16113,True,0.1355218855218856
PHASE6H_CSGNI,CB1_CAL_S_CF2_RI2_TI2_R08,671304.0,0.05,5.5,1493.0,505,True,0.2567340067340067
PHASE6H_CSGNI,CB1_CAL_S_CF2_RI2_TI2_R08,671304.0,0.1,11.0,1421.0,1825,True,0.19612794612794615
PHASE6H_CSGNI,CB1_CAL_S_CF2_RI2_TI2_R08,671304.0,0.25,27.5,1311.0,4697,True,0.10353535353535359
PHASE6H_CSGNI,CB1_CAL_S_CF2_RI2_TI2_R08,671304.0,0.5,55.0,1297.0,9553,True,0.0917508417508417
PHASE6H_CSGNI,CB1_CAL_S_CF2_RI2_TI2_R08,671304.0,0.75,82.5,1297.0,9553,True,0.0917508417508417
PHASE6H_CSGNI,CB1_CAL_S_CF2_RI2_TI2_R08,671304.0,1.0,110.0,1297.0,9553,True,0.0917508417508417
PHASE6H_CSGNI,CB1_CAL_S_CF2_RI2_TI2_R08,671305.0,0.05,5.5,1487.0,17,True,0.25168350168350173
PHASE6H_CSGNI,CB1_CAL_S_CF2_RI2_TI2_R08,671305.0,0.1,11.0,1487.0,17,True,0.25168350168350173
PHASE6H_CSGNI,CB1_CAL_S_CF2_RI2_TI2_R08,671305.0,0.25,27.5,1403.0,3817,True,0.180976430976431
PHASE6H_CSGNI,CB1_CAL_S_CF2_RI2_TI2_R08,671305.0,0.5,55.0,1397.0,6337,True,0.17592592592592582
PHASE6H_CSGNI,CB1_CAL_S_CF2_RI2_TI2_R08,671305.0,0.75,82.5,1387.0,11873,True,0.1675084175084176
PHASE6H_CSGNI,CB1_CAL_S_CF2_RI2_TI2_R08,671305.0,1.0,110.0,1387.0,11873,True,0.1675084175084176
PHASE6H_CSGNI,CB1_CAL_S_CF3_RI2_TI2_R08,671301.0,0.05,6.300000000000001,1785.0,1,True,0.10185185185185186
PHASE6H_CSGNI,CB1_CAL_S_CF3_RI2_TI2_R08,671301.0,0.1,12.600000000000001,1785.0,1,True,0.10185185185185186
PHASE6H_CSGNI,CB1_CAL_S_CF3_RI2_TI2_R08,671301.0,0.25,31.5,1785.0,1,True,0.10185185185185186
PHASE6H_CSGNI,CB1_CAL_S_CF3_RI2_TI2_R08,671301.0,0.5,63.0,1785.0,1,True,0.10185185185185186
PHASE6H_CSGNI,CB1_CAL_S_CF3_RI2_TI2_R08,671301.0,0.75,94.5,1785.0,1,True,0.10185185185185186
PHASE6H_CSGNI,CB1_CAL_S_CF3_RI2_TI2_R08,671301.0,1.0,126.0,1780.0,17433,True,0.09876543209876543
PHASE6H_CSGNI,CB1_CAL_S_CF3_RI2_TI2_R08,671302.0,0.05,6.300000000000001,1785.0,1,True,0.10185185185185186
PHASE6H_CSGNI,CB1_CAL_S_CF3_RI2_TI2_R08,671302.0,0.1,12.600000000000001,1785.0,1,True,0.10185185185185186
PHASE6H_CSGNI,CB1_CAL_S_CF3_RI2_TI2_R08,671302.0,0.25,31.5,1785.0,1,True,0.10185185185185186
PHASE6H_CSGNI,CB1_CAL_S_CF3_RI2_TI2_R08,671302.0,0.5,63.0,1777.0,8809,True,0.09691358024691366
PHASE6H_CSGNI,CB1_CAL_S_CF3_RI2_TI2_R08,671302.0,0.75,94.5,1777.0,8809,True,0.09691358024691366
PHASE6H_CSGNI,CB1_CAL_S_CF3_RI2_TI2_R08,671302.0,1.0,126.0,1777.0,8809,True,0.09691358024691366
PHASE6H_CSGNI,CB1_CAL_S_CF3_RI2_TI2_R08,671303.0,0.05,6.300000000000001,1785.0,1,True,0.10185185185185186
PHASE6H_CSGNI,CB1_CAL_S_CF3_RI2_TI2_R08,671303.0,0.1,12.600000000000001,1785.0,1,True,0.10185185185185186
PHASE6H_CSGNI,CB1_CAL_S_CF3_RI2_TI2_R08,671303.0,0.25,31.5,1785.0,1,True,0.10185185185185186
PHASE6H_CSGNI,CB1_CAL_S_CF3_RI2_TI2_R08,671303.0,0.5,63.0,1785.0,1,True,0.10185185185185186
PHASE6H_CSGNI,CB1_CAL_S_CF3_RI2_TI2_R08,671303.0,0.75,94.5,1785.0,1,True,0.10185185185185186
PHASE6H_CSGNI,CB1_CAL_S_CF3_RI2_TI2_R08,671303.0,1.0,126.0,1785.0,1,True,0.10185185185185186
PHASE6H_CSGNI,CB1_CAL_S_CF3_RI2_TI2_R08,671304.0,0.05,6.300000000000001,1785.0,1,True,0.10185185185185186
PHASE6H_CSGNI,CB1_CAL_S_CF3_RI2_TI2_R08,671304.0,0.1,12.600000000000001,1785.0,1,True,0.10185185185185186
PHASE6H_CSGNI,CB1_CAL_S_CF3_RI2_TI2_R08,671304.0,0.25,31.5,1785.0,1,True,0.10185185185185186
PHASE6H_CSGNI,CB1_CAL_S_CF3_RI2_TI2_R08,671304.0,0.5,63.0,1785.0,1,True,0.10185185185185186
PHASE6H_CSGNI,CB1_CAL_S_CF3_RI2_TI2_R08,671304.0,0.75,94.5,1785.0,1,True,0.10185185185185186
PHASE6H_CSGNI,CB1_CAL_S_CF3_RI2_TI2_R08,671304.0,1.0,126.0,1778.0,15945,True,0.09753086419753076
PHASE6H_CSGNI,CB1_CAL_S_CF3_RI2_TI2_R08,671305.0,0.05,6.300000000000001,1785.0,1,True,0.10185185185185186
PHASE6H_CSGNI,CB1_CAL_S_CF3_RI2_TI2_R08,671305.0,0.1,12.600000000000001,1785.0,1,True,0.10185185185185186
PHASE6H_CSGNI,CB1_CAL_S_CF3_RI2_TI2_R08,671305.0,0.25,31.5,1785.0,1,True,0.10185185185185186
PHASE6H_CSGNI,CB1_CAL_S_CF3_RI2_TI2_R08,671305.0,0.5,63.0,1785.0,1,True,0.10185185185185186
PHASE6H_CSGNI,CB1_CAL_S_CF3_RI2_TI2_R08,671305.0,0.75,94.5,1785.0,1,True,0.10185185185185186
PHASE6H_CSGNI,CB1_CAL_S_CF3_RI2_TI2_R08,671305.0,1.0,126.0,1785.0,1,True,0.10185185185185186
