instance_id,scale,CF_level,algorithm,best,mean,median,standard_deviation,worst,runtime,time_to_best,decoder_evaluations,feasibility_rate,time_limit,h1_makespan,ppo_mean_makespan,mean_improvement_over_h1_percent,mean_improvement_over_ppo_percent,best_improvement_over_h1_percent,best_improvement_over_ppo_percent
CB1_CORE_L_CF1_R01,L,CF1,ALNS-H1,4762.0,4922.2,4901.0,149.21334465195218,5298.0,380.0299888184003,277.49117246320236,8230.8,1.0,380.0,5621.0,6640.666666666667,12.431951610033805,25.877923903222573,15.281978295676925,28.290332295954222
CB1_CORE_L_CF1_R01,L,CF1,Adapted DCGA,5811.0,5911.5,5917.5,51.989849436639474,5986.0,380.121773757998,268.0536768334947,2516.8,1.0,380.0,5621.0,6640.666666666667,-5.168119551681196,10.9803232607168,-3.380181462373243,12.493725529565308
CB1_CORE_L_CF1_R01,L,CF1,GA,5400.0,5510.5,5467.5,111.71118515569026,5753.0,380.02782305569855,348.5621760353039,8792.7,1.0,380.0,5621.0,6640.666666666667,1.965842376801281,17.01887360706757,3.931684753602562,18.682863166348763
CB1_CORE_L_CF1_R02,L,CF1,ALNS-H1,4750.0,4840.8,4832.5,50.950520660299084,4915.0,362.02470977859923,259.77724079919574,8732.7,1.0,362.0,5736.0,7281.666666666667,15.606694560669453,33.52071412222477,17.18967921896792,34.7676813916228
CB1_CORE_L_CF1_R02,L,CF1,Adapted DCGA,5896.0,5969.7,5969.5,40.088928923360164,6025.0,362.18000914840087,277.99574400180427,2716.4,1.0,362.0,5736.0,7281.666666666667,-4.074267782426775,18.01739528496224,-2.789400278940028,19.02952620737011
CB1_CORE_L_CF1_R02,L,CF1,GA,5387.0,5559.9,5484.5,194.01972981002618,6007.0,362.02310070859966,348.67402295449864,8593.4,1.0,362.0,5736.0,7281.666666666667,3.0700836820083746,23.645227740901817,6.0843793584379355,26.01968413824674
CB1_CORE_L_CF1_R03,L,CF1,ALNS-H1,4088.0,4152.8,4128.5,61.560810044486566,4267.0,346.0179040580027,242.25853934210028,8799.5,1.0,346.0,4687.0,5480.333333333333,11.397482398122463,24.22358737303083,12.780029869852784,25.40599720211666
CB1_CORE_L_CF1_R03,L,CF1,Adapted DCGA,5087.0,5166.7,5166.5,60.413482674721564,5263.0,369.90126141730286,267.1038564449089,3038.6,1.0,346.0,4687.0,5480.333333333333,-10.234691700448044,5.722887902195728,-8.534243652656283,7.177179003710231
CB1_CORE_L_CF1_R03,L,CF1,GA,4581.0,4800.6,4758.5,189.6629759453449,5121.0,346.0214420199976,307.2057019592059,9134.1,1.0,346.0,4687.0,5480.333333333333,-2.423725197354392,12.40313849522534,2.261574567953915,16.4101940271273
CB1_CORE_L_CF1_R04,L,CF1,ALNS-H1,3925.0,4094.8,4093.0,105.81199259903279,4289.0,344.0258392132964,244.35016560560035,8965.8,1.0,344.0,4309.0,5539.333333333333,4.970990949176139,26.077747021302194,8.911580413088883,29.14309784570947
CB1_CORE_L_CF1_R04,L,CF1,Adapted DCGA,4773.0,4871.5,4883.5,51.37065742663275,4930.0,356.1873316551995,232.04688755320095,2890.4,1.0,344.0,4309.0,5539.333333333333,-13.05407287073567,12.056204116018769,-10.768159665815734,13.83439643759778
CB1_CORE_L_CF1_R04,L,CF1,GA,4011.0,4144.7,4106.5,118.88000486017641,4363.0,344.02128488739544,281.77546834529784,9157.3,1.0,344.0,4309.0,5539.333333333333,3.812949640287774,25.176916596461666,6.915757716407519,27.590564448188708
CB1_CORE_L_CF1_R05,L,CF1,ALNS-H1,4023.0,4155.0,4133.0,137.46999672655852,4415.0,342.0198047509999,242.97063295679692,9023.0,1.0,342.0,4935.0,6011.333333333333,15.80547112462006,30.880558944216478,18.480243161094226,33.07641122324498
CB1_CORE_L_CF1_R05,L,CF1,Adapted DCGA,5334.0,5422.0,5421.5,58.29808458831797,5492.0,342.1043661187956,259.5851255476009,2772.4,1.0,342.0,4935.0,6011.333333333333,-9.868287740628165,9.803704114450477,-8.085106382978724,11.267605633802813
CB1_CORE_L_CF1_R05,L,CF1,GA,4554.0,4795.0,4774.0,170.54943890588166,5111.0,342.0222527356003,335.3400572853076,9299.0,1.0,342.0,4935.0,6011.333333333333,2.8368794326241136,20.234002439835862,7.720364741641338,24.24309637351669
CB1_CORE_L_CF2_R01,L,CF2,ALNS-H1,4632.0,4801.6,4793.0,101.86505234322954,4972.0,390.02376233710675,255.52790295530576,7879.5,1.0,390.0,5018.0,5990.666666666667,4.312475089677155,19.848653460939236,7.6923076923076925,22.679724015134656
CB1_CORE_L_CF2_R01,L,CF2,Adapted DCGA,5889.0,5938.2,5941.5,32.53989004966738,5998.0,390.19446527239927,277.05164297209706,2592.2,1.0,390.0,5018.0,5990.666666666667,-18.33798326026305,0.8758068105942658,-17.357512953367877,1.6970843534386875
CB1_CORE_L_CF2_R01,L,CF2,GA,5352.0,5538.9,5524.0,154.34913526014824,5810.0,390.02148345439343,361.3286505571974,8341.3,1.0,390.0,5018.0,5990.666666666667,-10.380629732961332,7.541175161362129,-6.656038262255879,10.66102826619186
CB1_CORE_L_CF2_R02,L,CF2,ALNS-H1,4410.0,4494.4,4473.0,76.68869248823798,4687.0,366.022191286803,209.01966638280138,8360.7,1.0,366.0,4767.0,5655.0,5.718481225089162,20.523430592396114,7.488986784140969,22.015915119363395
CB1_CORE_L_CF2_R02,L,CF2,Adapted DCGA,5637.0,5753.6,5776.0,57.54264119377514,5802.0,366.140964157501,257.70705552510043,2707.6,1.0,366.0,4767.0,5655.0,-20.6964547933711,-1.74358974358975,-18.250471994965388,0.3183023872679045
CB1_CORE_L_CF2_R02,L,CF2,GA,4690.0,4915.8,4920.5,151.38016896395496,5167.0,366.02364714409924,337.6083746279968,8575.5,1.0,366.0,4767.0,5655.0,-3.121460037759601,13.071618037135275,1.6152716593245227,17.064544650751547
CB1_CORE_L_CF2_R03,L,CF2,ALNS-H1,4009.0,4184.6,4204.5,106.00230605458006,4292.0,368.0287722481968,2.3641536543000257,8373.3,1.0,368.0,4292.0,6225.666666666667,2.5023299161230113,32.78470846495689,6.5936626281453865,35.605289928789425
CB1_CORE_L_CF2_R03,L,CF2,Adapted DCGA,5033.0,5085.6,5080.5,47.96109534473381,5184.0,368.16302418368866,234.34206395439105,2681.8,1.0,368.0,4292.0,6225.666666666667,-18.490214352283324,18.312362799164745,-17.264678471575024,19.15725223536971
CB1_CORE_L_CF2_R03,L,CF2,GA,4178.0,4420.0,4426.5,179.21123476687126,4823.0,368.0258031021018,327.2943859146006,8595.2,1.0,368.0,4292.0,6225.666666666667,-2.982292637465051,29.003587299887563,2.6561043802423114,32.89072120790277
CB1_CORE_L_CF2_R04,L,CF2,ALNS-H1,3356.0,3428.9,3445.0,29.879201238765777,3445.0,330.02007897320146,1.8576425867999204,9158.6,1.0,330.0,3445.0,5213.333333333333,0.4673439767779364,34.22826086956521,2.583454281567489,35.626598465473144
CB1_CORE_L_CF2_R04,L,CF2,Adapted DCGA,4698.0,4756.1,4764.0,41.81028581581331,4805.0,361.58145587859906,251.1463400171022,3122.0,1.0,330.0,3445.0,5213.333333333333,-38.058055152394786,8.770460358056255,-36.37155297532656,9.884910485933498
CB1_CORE_L_CF2_R04,L,CF2,GA,3568.0,3917.9,3872.5,235.61618978518618,4294.0,330.0158955675055,285.48356607870664,9329.8,1.0,330.0,3445.0,5213.333333333333,-13.72714078374456,24.848465473145776,-3.5703918722786647,31.56010230179028
CB1_CORE_L_CF2_R05,L,CF2,ALNS-H1,4529.0,4655.5,4651.0,77.352368346993,4775.0,358.01850076939735,203.18520416999527,8490.3,1.0,358.0,4868.0,6973.0,4.3652423993426455,33.235336297146134,6.963845521774856,35.049476552416465
CB1_CORE_L_CF2_R05,L,CF2,Adapted DCGA,5387.0,5483.6,5478.0,46.25340828282581,5545.0,358.1511030266003,252.35299560730056,2638.8,1.0,358.0,4868.0,6973.0,-12.645850451930984,21.359529614226297,-10.661462612982744,22.74487308188728
CB1_CORE_L_CF2_R05,L,CF2,GA,4905.0,5131.1,5169.5,137.31104188018614,5357.0,358.01662347290255,336.77754270050207,9009.5,1.0,358.0,4868.0,6973.0,-5.404683648315538,26.414742578517135,-0.7600657354149548,29.657249390506237
CB1_CORE_L_CF3_R01,L,CF3,ALNS-H1,4838.0,4926.8,4924.0,57.85960018297159,5011.0,386.0303105643019,226.4255816403078,8120.6,1.0,386.0,5104.0,6767.666666666667,3.471786833855796,27.20090627000936,5.2115987460815045,28.513027631384524
CB1_CORE_L_CF3_R01,L,CF3,Adapted DCGA,5882.0,5951.9,5953.0,51.71170080358996,6045.0,386.1296272466978,282.4181606472004,2619.4,1.0,386.0,5104.0,6767.666666666667,-16.612460815047015,12.053883662512938,-15.24294670846395,13.08673595035217
CB1_CORE_L_CF3_R01,L,CF3,GA,5423.0,5635.1,5634.0,155.30861749003716,5859.0,386.0230821685021,353.41815519889644,8137.3,1.0,386.0,5104.0,6767.666666666667,-10.40556426332289,16.734965276067573,-6.25,19.86898487908191
CB1_CORE_L_CF3_R02,L,CF3,ALNS-H1,3614.0,3749.8,3806.0,77.50813577367936,3806.0,334.01796925769884,2.088445550497272,9084.0,1.0,334.0,3806.0,6771.0,1.4766158696794487,44.619701668881994,5.044666316342617,46.62531383842859
CB1_CORE_L_CF3_R02,L,CF3,Adapted DCGA,4787.0,4909.9,4923.5,52.51973174171989,4976.0,344.19095740760093,273.33680549090207,2962.2,1.0,334.0,3806.0,6771.0,-29.004203888596944,27.486338797814213,-25.775091960063058,29.301432580121105
CB1_CORE_L_CF3_R02,L,CF3,GA,3900.0,4208.0,4220.5,231.29778785510825,4612.0,334.0156895419001,293.79907887829756,9402.5,1.0,334.0,3806.0,6771.0,-10.562270099842355,37.852606705065725,-2.4697845507094063,42.40141781125388
CB1_CORE_L_CF3_R03,L,CF3,ALNS-H1,3877.0,4010.3,4059.0,78.16229554231657,4071.0,352.0215923529031,2.9503897761984264,8756.3,1.0,352.0,4071.0,5979.666666666667,1.4910341439449721,32.93438876191538,4.765413903217882,35.16361001170634
CB1_CORE_L_CF3_R03,L,CF3,Adapted DCGA,5141.0,5259.1,5269.5,72.2533351786923,5352.0,352.1370039898931,290.28689344569284,2709.0,1.0,352.0,4071.0,5979.666666666667,-29.184475558830762,12.050281509560174,-26.28346843527389,14.025307988182178
CB1_CORE_L_CF3_R03,L,CF3,GA,4210.0,4377.8,4304.0,158.7246392691163,4696.0,352.0146314756974,342.76909961309866,9071.7,1.0,352.0,4071.0,5979.666666666667,-7.536231884057975,26.788561235297397,-3.414394497666421,29.594737722281064
CB1_CORE_L_CF3_R04,L,CF3,ALNS-H1,3669.0,3966.4,3986.5,132.9663282355517,4126.0,348.01222571349933,126.69529145260167,9767.8,1.0,348.0,4126.0,4687.333333333333,3.8681531749878797,15.380457971838993,11.076102762966553,21.725216896600763
CB1_CORE_L_CF3_R04,L,CF3,Adapted DCGA,5259.0,5464.7,5460.0,86.4819184698296,5595.0,348.1227519476,273.6435767025017,2757.0,1.0,348.0,4126.0,4687.333333333333,-32.4454677653902,-16.584411890200546,-27.460009694619487,-12.19598919072679
CB1_CORE_L_CF3_R04,L,CF3,GA,4404.0,4684.8,4721.0,182.5192836083049,4948.0,348.01905233820435,318.0177609329985,8871.7,1.0,348.0,4126.0,4687.333333333333,-13.543383422200682,0.054046366093006296,-6.737760542898691,6.0446593656663286
CB1_CORE_L_CF3_R05,L,CF3,ALNS-H1,3633.0,3681.6,3687.0,17.076299364909264,3687.0,366.0045681943011,2.53418555840035,14257.2,1.0,366.0,3687.0,9517.0,0.14646053702197154,61.31554061153725,1.4646053702196908,61.82620573710203
CB1_CORE_L_CF3_R05,L,CF3,Adapted DCGA,5127.0,5223.4,5233.0,57.36278313409215,5284.0,366.1700363234995,263.55564037599834,2673.2,1.0,366.0,3687.0,9517.0,-41.67073501491727,45.115057265945154,-39.05614320585842,46.127981506777346
CB1_CORE_L_CF3_R05,L,CF3,GA,4307.0,4634.3,4563.0,226.77646850294383,5165.0,366.0170713889005,336.2355411989032,8753.2,1.0,366.0,3687.0,9517.0,-25.692975318687285,51.30503309866555,-16.815839435855708,54.744142061574024
CB1_CORE_M_CF1_R01,M,CF1,ALNS-H1,2634.0,2731.6,2734.0,63.8108315431026,2835.0,228.005488177191,177.26593051809178,11392.5,1.0,228.0,3039.0,3395.6666666666665,10.115169463639358,19.556297241582406,13.32675222112537,22.430548738588396
CB1_CORE_M_CF1_R01,M,CF1,Adapted DCGA,3183.0,3260.0,3255.5,46.88283267892414,3346.0,239.3141570266016,156.99112561029906,4088.8,1.0,228.0,3039.0,3395.6666666666665,-7.272128989799276,3.9952881122999857,-4.738400789733465,6.2628840679297095
CB1_CORE_M_CF1_R01,M,CF1,GA,2577.0,2797.3,2813.0,188.37731049972848,3121.0,228.01197976049735,178.29378705829149,12050.0,1.0,228.0,3039.0,3395.6666666666665,7.953274103323456,17.62147835476587,15.202369200394866,24.109158731716892
CB1_CORE_M_CF1_R02,M,CF1,ALNS-H1,3366.0,3442.3,3447.5,51.8160206885862,3520.0,260.0106496013992,144.79932109649525,11007.8,1.0,260.0,3520.0,4871.333333333333,2.2073863636363584,29.33556863281784,4.375,30.90187491446558
CB1_CORE_M_CF1_R02,M,CF1,Adapted DCGA,3789.0,3856.3,3855.5,37.27987243659626,3920.0,291.4071864837024,227.2727558157989,3994.0,1.0,260.0,3520.0,4871.333333333333,-9.553977272727277,20.8368687559874,-7.642045454545454,22.21842069248665
CB1_CORE_M_CF1_R02,M,CF1,GA,3336.0,3554.4,3510.0,177.84087769064166,3846.0,260.0117064991995,221.97261636629992,10739.4,1.0,260.0,3520.0,4871.333333333333,-0.9772727272727298,27.034350622690564,5.2272727272727275,31.517722731627206
CB1_CORE_M_CF1_R03,M,CF1,ALNS-H1,3141.0,3225.1,3233.0,45.088678056568604,3273.0,230.00917821349867,163.08817421939457,11923.9,1.0,230.0,3427.0,3653.3333333333335,5.891450248030349,11.721715328467159,8.345491683688357,14.02372262773723
CB1_CORE_M_CF1_R03,M,CF1,Adapted DCGA,3488.0,3507.9,3510.5,12.160500720684887,3523.0,252.76992969970743,186.1690871197061,4017.6,1.0,230.0,3427.0,3653.3333333333335,-2.3606653049314295,3.9808394160583958,-1.7799824919754887,4.525547445255479
CB1_CORE_M_CF1_R03,M,CF1,GA,3199.0,3324.4,3300.5,98.53053672170195,3480.0,230.00901571940048,176.24335319969978,12386.1,1.0,230.0,3427.0,3653.3333333333335,2.9938721914210653,9.0036496350365,6.65304931426904,12.436131386861318
CB1_CORE_M_CF1_R04,M,CF1,ALNS-H1,2704.0,2783.8,2762.5,65.34319653440089,2904.0,220.0102984913945,124.17320103830426,11907.8,1.0,220.0,3266.0,3415.0,14.7642375995101,18.483162518301608,17.20759338640539,20.8199121522694
CB1_CORE_M_CF1_R04,M,CF1,Adapted DCGA,3249.0,3324.3,3331.0,38.78444705462921,3379.0,228.60782616389915,156.70877638419043,4127.4,1.0,220.0,3266.0,3415.0,-1.7850581751377887,2.6559297218155145,0.5205143906919779,4.86090775988287
CB1_CORE_M_CF1_R04,M,CF1,GA,2832.0,2942.7,2939.0,68.61818676965723,3052.0,220.00893457299972,209.60483382089296,12314.1,1.0,220.0,3266.0,3415.0,9.898958971218622,13.830161054172772,13.288426209430495,17.071742313323572
CB1_CORE_M_CF1_R05,M,CF1,ALNS-H1,2866.0,2924.3,2909.0,48.41728341546363,3041.0,220.00868715249817,184.7614807124017,12249.1,1.0,220.0,3202.0,3853.0,8.672704559650214,24.103296132883465,10.493441599000624,25.61640280301064
CB1_CORE_M_CF1_R05,M,CF1,Adapted DCGA,3077.0,3146.5,3149.5,31.865167328744562,3184.0,229.66963584149488,195.93316111819294,4161.2,1.0,220.0,3202.0,3853.0,1.7332916926920674,18.336361276927068,3.9038101186758274,20.140150532052946
CB1_CORE_M_CF1_R05,M,CF1,GA,2817.0,2939.2,2944.0,71.53678152608708,3068.0,220.00884253249387,200.22450702589995,11965.7,1.0,220.0,3202.0,3853.0,8.207370393504066,23.71658447962627,12.023735165521549,26.888139112379964
CB1_CORE_M_CF2_R01,M,CF2,ALNS-H1,3053.0,3199.0,3182.0,77.89308912434612,3292.0,244.01108236369328,104.71887341399852,11221.2,1.0,244.0,3292.0,3789.3333333333335,2.8250303766707168,15.578817733990151,7.260024301336574,19.43173821252639
CB1_CORE_M_CF2_R01,M,CF2,Adapted DCGA,3611.0,3706.6,3710.5,56.26958918160559,3778.0,267.1998146341968,196.8627330067946,3998.0,1.0,244.0,3292.0,3789.3333333333335,-12.594167679222355,2.183321604503877,-9.690157958687728,4.706192821956373
CB1_CORE_M_CF2_R01,M,CF2,GA,3196.0,3380.2,3400.0,117.80662120611055,3536.0,244.0091187764978,217.55564777999825,11392.0,1.0,244.0,3292.0,3789.3333333333335,-2.679222357229642,10.796973961998601,2.9161603888213854,15.657987332864185
CB1_CORE_M_CF2_R02,M,CF2,ALNS-H1,2564.0,2697.6,2699.0,62.75738115065739,2805.0,230.00952394490014,110.27770127580152,11450.7,1.0,230.0,2805.0,3704.6666666666665,3.828877005347597,27.183732229620297,8.591800356506239,30.789994601403635
CB1_CORE_M_CF2_R02,M,CF2,Adapted DCGA,3159.0,3204.7,3205.5,26.068499509305614,3245.0,248.85969554059557,157.21313443950203,4042.0,1.0,230.0,2805.0,3704.6666666666665,-14.249554367201421,13.495591146301964,-12.620320855614974,14.729170415691916
CB1_CORE_M_CF2_R02,M,CF2,GA,2506.0,2820.1,2824.0,161.13448489451977,3050.0,230.01027739839628,204.76413375769624,12100.9,1.0,230.0,2805.0,3704.6666666666665,-0.5383244206773586,23.877091956091416,10.659536541889484,32.35558754723772
CB1_CORE_M_CF2_R03,M,CF2,ALNS-H1,2941.0,3053.6,3052.0,52.858721555145664,3148.0,244.0102897998062,166.46195108460378,11612.4,1.0,244.0,3148.0,3477.0,2.9987293519695073,12.177164222030488,6.575603557814485,15.41558815070463
CB1_CORE_M_CF2_R03,M,CF2,Adapted DCGA,3429.0,3522.1,3556.5,62.26903992622123,3585.0,274.3551398395008,191.52523843649834,4006.2,1.0,244.0,3148.0,3477.0,-11.883735705209654,-1.297095197008913,-8.926302414231259,1.380500431406385
CB1_CORE_M_CF2_R03,M,CF2,GA,2945.0,3076.0,3072.0,97.555682105714,3266.0,244.0105154941004,225.28844779520585,11405.1,1.0,244.0,3148.0,3477.0,2.2871664548919948,11.532930687374174,6.44853875476493,15.300546448087431
CB1_CORE_M_CF2_R04,M,CF2,ALNS-H1,3052.0,3137.2,3140.0,60.61866232623596,3212.0,250.01047711669815,158.48115760119398,10877.8,1.0,250.0,3344.0,3753.3333333333335,6.184210526315795,16.415630550621678,8.732057416267942,18.68561278863233
CB1_CORE_M_CF2_R04,M,CF2,Adapted DCGA,3488.0,3598.7,3609.5,52.23462027770045,3651.0,270.0209680410946,231.94005123940005,3994.0,1.0,250.0,3344.0,3753.3333333333335,-7.616626794258368,4.119893428063952,-4.30622009569378,7.069271758436949
CB1_CORE_M_CF2_R04,M,CF2,GA,2937.0,3068.7,3051.0,90.28479630837322,3215.0,250.0119669884938,201.6107087930897,11555.6,1.0,250.0,3344.0,3753.3333333333335,8.23265550239235,18.240674955595036,12.171052631578947,21.74955595026643
CB1_CORE_M_CF2_R05,M,CF2,ALNS-H1,3114.0,3269.0,3271.5,94.31389670197656,3408.0,230.01088324099837,115.57306106089963,11662.3,1.0,230.0,3525.0,4633.666666666667,7.26241134751773,29.451118624559385,11.659574468085106,32.79620171210704
CB1_CORE_M_CF2_R05,M,CF2,Adapted DCGA,3500.0,3563.4,3571.0,30.394443936716865,3610.0,242.09823306580074,198.67424066719832,4088.6,1.0,230.0,3525.0,4633.666666666667,-1.0893617021276623,23.097618876339833,0.7092198581560284,24.46586576505288
CB1_CORE_M_CF2_R05,M,CF2,GA,3167.0,3325.0,3299.0,108.95054943515532,3471.0,230.01064175050413,177.58240955089568,11630.7,1.0,230.0,3525.0,4633.666666666667,5.673758865248227,28.242572476800234,10.156028368794326,31.652399107977846
CB1_CORE_M_CF3_R01,M,CF3,ALNS-H1,2850.0,2912.3,2908.5,45.39224113827773,2998.0,222.0096821249055,96.44176969800029,12009.7,1.0,222.0,2998.0,3510.0,2.858572381587719,17.028490028490026,4.936624416277518,18.803418803418804
CB1_CORE_M_CF3_R01,M,CF3,Adapted DCGA,3313.0,3373.5,3380.0,36.98723503528686,3415.0,244.14533602490263,166.14198258200776,4014.6,1.0,222.0,2998.0,3510.0,-12.52501667778519,3.888888888888889,-10.507004669779853,5.612535612535613
CB1_CORE_M_CF3_R01,M,CF3,GA,2671.0,2847.9,2858.0,127.42095589030872,3018.0,222.0089655757998,193.86465940070048,12481.6,1.0,222.0,2998.0,3510.0,5.006671114076048,18.86324786324786,10.907271514342895,23.903133903133902
CB1_CORE_M_CF3_R02,M,CF3,ALNS-H1,3283.0,3383.7,3404.0,73.40761389513882,3452.0,256.0096889209002,1.0666625235026004,10805.6,1.0,256.0,3452.0,4548.666666666667,1.9785631517960656,25.611168107870448,4.8957126303592124,27.82500366407739
CB1_CORE_M_CF3_R02,M,CF3,Adapted DCGA,4022.0,4054.6,4051.5,25.889508814704566,4097.0,279.59912057599865,212.62451069359958,3994.0,1.0,256.0,3452.0,4548.666666666667,-17.456546929316335,10.86179100102595,-16.512166859791424,11.578484537593441
CB1_CORE_M_CF3_R02,M,CF3,GA,3252.0,3518.4,3478.5,182.79812787760042,3736.0,256.0148473018082,244.44379709140338,11084.8,1.0,256.0,3452.0,4548.666666666667,-1.923522595596758,22.649860765059362,5.793742757821553,28.506522057745865
CB1_CORE_M_CF3_R03,M,CF3,ALNS-H1,2909.0,2955.8,2961.0,16.443843832875622,2961.0,232.01087532829843,0.6475206170929596,11549.5,1.0,232.0,2961.0,5494.666666666667,0.17561634582910565,46.206017956806605,1.7561634582911179,47.05775297257947
CB1_CORE_M_CF3_R03,M,CF3,Adapted DCGA,3414.0,3450.1,3446.5,26.44680194907002,3495.0,252.47884481770453,181.221196004402,4029.6,1.0,232.0,2961.0,5494.666666666667,-16.51806822019588,37.210021839359385,-15.29888551165147,37.867022567338026
CB1_CORE_M_CF3_R03,M,CF3,GA,2859.0,3068.3,3086.5,109.75432160562575,3210.0,232.01005771359777,213.08403670480183,11812.4,1.0,232.0,2961.0,5494.666666666667,-3.623775751435332,44.158578015044895,3.4447821681864235,47.96772628002912
CB1_CORE_M_CF3_R04,M,CF3,ALNS-H1,2994.0,3097.2,3102.5,53.49517112163799,3161.0,238.01185003989667,125.74381535169668,11462.5,1.0,238.0,3345.0,3590.6666666666665,7.408071748878929,13.743037504641665,10.493273542600896,16.617155588562937
CB1_CORE_M_CF3_R04,M,CF3,Adapted DCGA,3517.0,3622.8,3636.0,46.787462708151516,3676.0,263.855238036596,211.33436207489575,3996.8,1.0,238.0,3345.0,3590.6666666666665,-8.304932735426014,-0.8949127367248515,-5.142002989536622,2.0516152989231298
CB1_CORE_M_CF3_R04,M,CF3,GA,3045.0,3288.6,3247.0,234.2592106572926,3834.0,238.01250777440146,211.81882255619857,11788.7,1.0,238.0,3345.0,3590.6666666666665,1.6860986547085228,8.412551058299293,8.968609865470851,15.196806535462306
CB1_CORE_M_CF3_R05,M,CF3,ALNS-H1,3061.0,3061.0,3061.0,0.0,3061.0,226.00909845039715,0.6462428829981945,11874.6,1.0,226.0,3061.0,5654.666666666667,0.0,45.86771987738741,0.0,45.86771987738741
CB1_CORE_M_CF3_R05,M,CF3,Adapted DCGA,3428.0,3459.6,3459.0,22.901722400048726,3491.0,232.94621925469838,156.53472799980082,4082.4,1.0,226.0,3061.0,5654.666666666667,-13.021888271806597,38.81867484083943,-11.989545900032669,39.377505305352514
CB1_CORE_M_CF3_R05,M,CF3,GA,3005.0,3195.6,3195.5,133.7893867240597,3443.0,226.011393360098,211.5522485622001,11718.9,1.0,226.0,3061.0,5654.666666666667,-4.3972557987585725,43.4873850506956,1.829467494282914,46.85805234614478
CB1_CORE_S_CF1_R01,S,CF1,ALNS-H1,1749.0,1814.2,1813.5,31.685257700633525,1856.0,124.00423395270191,60.88836229559674,16938.6,1.0,124.0,1856.0,2875.3333333333335,2.2521551724137905,36.904706700672385,5.765086206896552,39.17226988175284
CB1_CORE_S_CF1_R01,S,CF1,Adapted DCGA,1896.0,1924.8,1923.0,18.890326742659703,1962.0,129.72340128949728,101.76889955459919,6022.2,1.0,124.0,1856.0,2875.3333333333335,-3.7068965517241357,33.05819615117088,-2.1551724137931036,34.059819151402735
CB1_CORE_S_CF1_R01,S,CF1,GA,1706.0,1772.2,1769.5,45.56021656372288,1834.0,124.00275677449827,61.049459450898574,17649.3,1.0,124.0,1856.0,2875.3333333333335,4.51508620689655,38.36540690934385,8.081896551724139,40.66774866682124
CB1_CORE_S_CF1_R02,S,CF1,ALNS-H1,2155.0,2197.3,2208.0,25.412376687135968,2223.0,130.00403110630577,54.36204969660612,16087.4,1.0,130.0,2223.0,3037.3333333333335,1.1560953666216742,27.656935908691832,3.0589293747188484,29.049604916593506
CB1_CORE_S_CF1_R02,S,CF1,Adapted DCGA,2228.0,2249.1,2251.5,11.873874215642097,2268.0,136.25935759340064,100.02452432740537,5681.6,1.0,130.0,2223.0,3037.3333333333335,-1.174089068825907,25.951492537313438,-0.2249212775528565,26.646180860403867
CB1_CORE_S_CF1_R02,S,CF1,GA,2128.0,2166.0,2172.0,27.450966386551077,2210.0,130.00612264070077,92.00203129810106,16314.6,1.0,130.0,2223.0,3037.3333333333335,2.5641025641025643,28.687445127304656,4.273504273504273,29.93854258121159
CB1_CORE_S_CF1_R03,S,CF1,ALNS-H1,1733.0,1781.1,1774.0,40.36899250112092,1854.0,122.00403293720447,82.17733513729472,17369.6,1.0,122.0,1925.0,2127.6666666666665,7.47532467532468,16.28857903806987,9.974025974025974,18.54927150242832
CB1_CORE_S_CF1_R03,S,CF1,Adapted DCGA,1920.0,1948.9,1947.5,16.508920147739637,1978.0,131.94189038950134,113.38729997710034,6072.2,1.0,122.0,1925.0,2127.6666666666665,-1.2415584415584462,8.4020053266489,0.2597402597402597,9.76030079899733
CB1_CORE_S_CF1_R03,S,CF1,GA,1689.0,1760.6,1766.5,43.38765825541737,1812.0,122.00326066560228,85.68263475179847,16260.8,1.0,122.0,1925.0,2127.6666666666665,8.540259740259744,17.252075826413908,12.25974025974026,20.617264609117964
CB1_CORE_S_CF1_R04,S,CF1,ALNS-H1,1869.0,1963.0,1991.5,50.46891232344038,2003.0,124.00315350919846,49.38325548199937,16976.8,1.0,124.0,2003.0,3028.3333333333335,1.9970044932601099,35.178866263071,6.689965052421368,38.28288387451844
CB1_CORE_S_CF1_R04,S,CF1,Adapted DCGA,1973.0,2030.6,2034.0,32.53101084606296,2086.0,134.9890078834025,95.50509644230479,6070.6,1.0,124.0,2003.0,3028.3333333333335,-1.3779331003494713,32.94661529994497,1.4977533699450825,34.84865162355531
CB1_CORE_S_CF1_R04,S,CF1,GA,1800.0,1875.1,1881.5,38.77126656573283,1934.0,124.00379233580315,80.86978775969764,17660.6,1.0,124.0,2003.0,3028.3333333333335,6.385421867199206,38.081452944413876,10.134797803295058,40.561364887176666
CB1_CORE_S_CF1_R05,S,CF1,ALNS-H1,1629.0,1689.8,1692.5,30.422214105996797,1744.0,122.00387939710053,78.47891840009542,16514.4,1.0,122.0,1815.0,2296.6666666666665,6.898071625344355,26.423802612481854,10.24793388429752,29.071117561683597
CB1_CORE_S_CF1_R05,S,CF1,Adapted DCGA,1712.0,1765.4,1769.5,22.35173371351763,1789.0,133.09702627349762,104.25785637040099,6018.0,1.0,122.0,1815.0,2296.6666666666665,2.7327823691460007,23.132075471698105,5.674931129476584,25.457184325108848
CB1_CORE_S_CF1_R05,S,CF1,GA,1615.0,1660.5,1660.0,29.6844515978764,1708.0,122.00419219500327,88.05816450949933,17245.3,1.0,122.0,1815.0,2296.6666666666665,8.512396694214877,27.699564586357035,11.019283746556473,29.680696661828733
CB1_CORE_S_CF2_R01,S,CF2,ALNS-H1,1901.0,1930.3,1934.0,10.3392456204503,1934.0,128.00535823659737,8.323036694494657,16963.5,1.0,128.0,1934.0,2507.0,0.19131334022751012,23.003589948145198,1.7063081695966908,24.172317510969286
CB1_CORE_S_CF2_R01,S,CF2,Adapted DCGA,2033.0,2071.4,2079.5,25.011997121381572,2102.0,135.43696550719906,99.97274795179837,5899.2,1.0,128.0,1934.0,2507.0,-7.10444674250259,17.375349022736334,-5.118924508790072,18.907060231352215
CB1_CORE_S_CF2_R01,S,CF2,GA,1877.0,1944.6,1947.0,37.98011175456033,2004.0,128.00487719719823,98.39531411449425,16736.1,1.0,128.0,1934.0,2507.0,-0.5480868665977202,22.43318707618668,2.9472595656670113,25.12963701635421
CB1_CORE_S_CF2_R02,S,CF2,ALNS-H1,1642.0,1670.0,1674.0,10.07747763855394,1674.0,126.00347649759787,26.650172978101182,16652.4,1.0,126.0,1674.0,2370.0,0.23894862604540024,29.535864978902953,1.911589008363202,30.717299578059073
CB1_CORE_S_CF2_R02,S,CF2,Adapted DCGA,1840.0,1861.9,1858.0,19.023085390592637,1905.0,137.8469687348028,114.5666356598027,6039.2,1.0,126.0,1674.0,2370.0,-11.22461170848268,21.43881856540084,-9.91636798088411,22.362869198312236
CB1_CORE_S_CF2_R02,S,CF2,GA,1515.0,1662.5,1650.5,91.73179504524163,1861.0,126.00387476739998,86.59396136160066,16457.6,1.0,126.0,1674.0,2370.0,0.6869772998805257,29.852320675105485,9.498207885304659,36.075949367088604
CB1_CORE_S_CF2_R03,S,CF2,ALNS-H1,1649.0,1725.0,1741.5,41.641325627314025,1767.0,116.00274291309469,45.15225523109548,17782.7,1.0,116.0,1795.0,2644.3333333333335,3.8997214484679668,34.766166645657385,8.133704735376044,37.64023698474726
CB1_CORE_S_CF2_R03,S,CF2,Adapted DCGA,1774.0,1814.6,1813.5,28.729388747026555,1868.0,125.01134044420905,96.25346778520034,6100.4,1.0,116.0,1795.0,2644.3333333333335,-1.0919220055710255,31.377788982730372,1.16991643454039,32.91314761124417
CB1_CORE_S_CF2_R03,S,CF2,GA,1580.0,1649.8,1658.0,42.8273017802637,1717.0,116.0028337611031,80.98977566180402,18438.9,1.0,116.0,1795.0,2644.3333333333335,8.089136490250699,37.60998361275684,11.977715877437326,40.249590318920966
CB1_CORE_S_CF2_R04,S,CF2,ALNS-H1,1642.0,1727.2,1723.5,57.71731879504531,1820.0,128.00330785519617,72.36357090459788,16857.0,1.0,128.0,1841.0,2013.6666666666667,6.181423139598042,14.226121503062409,10.809342748506246,18.457209071345805
CB1_CORE_S_CF2_R04,S,CF2,Adapted DCGA,1840.0,1889.9,1894.5,33.191196958765325,1945.0,131.91468498879985,100.9351136414014,5915.0,1.0,128.0,1841.0,2013.6666666666667,-2.6561651276480225,6.1463333885118345,0.054318305268875614,8.624399933785801
CB1_CORE_S_CF2_R04,S,CF2,GA,1578.0,1697.3,1701.5,55.82522329158707,1766.0,128.00417673729243,96.6218769903935,16881.0,1.0,128.0,1841.0,2013.6666666666667,7.805540467137427,15.710975004138394,14.285714285714286,21.63549081277934
CB1_CORE_S_CF2_R05,S,CF2,ALNS-H1,1586.0,1668.0,1655.5,65.2635681933906,1813.0,118.00386843360029,64.70444865730242,16873.7,1.0,118.0,1848.0,1769.3333333333333,9.74025974025974,5.72720422004521,14.177489177489177,10.36171816126601
CB1_CORE_S_CF2_R05,S,CF2,Adapted DCGA,1905.0,1944.5,1952.5,21.721724916160174,1966.0,127.25598894059658,91.62521857029932,6105.6,1.0,118.0,1848.0,1769.3333333333333,-5.221861471861472,-9.900150715900534,-3.0844155844155843,-7.667671439336855
CB1_CORE_S_CF2_R05,S,CF2,GA,1534.0,1634.4,1632.5,64.64466979831617,1740.0,118.00421836990282,94.02220036510553,17539.1,1.0,118.0,1848.0,1769.3333333333333,11.558441558441555,7.626224566691778,16.99134199134199,13.300678221552369
CB1_CORE_S_CF3_R01,S,CF3,ALNS-H1,1563.0,1612.9,1620.5,29.0877981291125,1639.0,130.00481975529982,27.747657961398364,17080.9,1.0,130.0,1639.0,3037.3333333333335,1.592434411226352,46.897497805092186,4.636973764490543,48.54038630377524
CB1_CORE_S_CF3_R01,S,CF3,Adapted DCGA,1737.0,1768.3,1765.5,17.76419620097307,1800.0,143.52799243879855,107.1998763277923,5679.2,1.0,130.0,1639.0,3037.3333333333335,-7.888956680902988,41.781167690956984,-5.979255643685174,42.8116769095698
CB1_CORE_S_CF3_R01,S,CF3,GA,1510.0,1587.5,1581.5,46.66488091821417,1649.0,130.00443263970084,97.77260973550146,16437.2,1.0,130.0,1639.0,3037.3333333333335,3.1421598535692494,47.73375768217735,7.87065283709579,50.28533801580334
CB1_CORE_S_CF3_R02,S,CF3,ALNS-H1,1729.0,1783.5,1787.0,39.864353333105335,1848.0,114.00451230029867,73.73305651880219,17309.6,1.0,114.0,1939.0,2311.3333333333335,8.019597730789066,22.836746466685902,10.830324909747292,25.194692817998273
CB1_CORE_S_CF3_R02,S,CF3,Adapted DCGA,1833.0,1863.8,1867.0,19.15318366341336,1888.0,117.96870854919544,97.02042340949993,6176.4,1.0,114.0,1939.0,2311.3333333333335,3.878287777204747,19.36256129218345,5.466735430634348,20.695125468704937
CB1_CORE_S_CF3_R02,S,CF3,GA,1670.0,1707.6,1697.5,40.86889607839524,1808.0,114.00257435879902,88.60898354809615,17933.6,1.0,114.0,1939.0,2311.3333333333335,11.933986591026306,26.120565330256714,13.873130479628674,27.747331987308918
CB1_CORE_S_CF3_R03,S,CF3,ALNS-H1,1823.0,1862.7,1866.5,25.970282161646907,1913.0,114.00337760550028,76.39843912780051,17120.3,1.0,114.0,2005.0,2207.6666666666665,7.09725685785536,15.625849313000144,9.077306733167083,17.424128038653173
CB1_CORE_S_CF3_R03,S,CF3,Adapted DCGA,1895.0,1970.5,1983.0,31.302289586120306,1998.0,121.17965405729774,89.72074705759879,6112.4,1.0,114.0,2005.0,2207.6666666666665,1.7206982543640899,10.742865770798725,5.486284289276808,14.162766118073375
CB1_CORE_S_CF3_R03,S,CF3,GA,1703.0,1763.9,1752.5,56.459326559529174,1902.0,114.00409938970407,85.42260657200241,17729.7,1.0,114.0,2005.0,2207.6666666666665,12.024937655860345,20.101162615129088,15.062344139650873,22.859731239619503
CB1_CORE_S_CF3_R04,S,CF3,ALNS-H1,1529.0,1541.0,1544.0,6.324555320336756,1544.0,116.0029908097029,16.1297242400964,17728.5,1.0,116.0,1544.0,2829.3333333333335,0.19430051813471502,45.534872761545714,0.9715025906735751,45.95900094250707
CB1_CORE_S_CF3_R04,S,CF3,Adapted DCGA,1710.0,1761.5,1763.5,31.8965341203224,1808.0,125.59220064049005,87.8446832542948,6084.4,1.0,116.0,1544.0,2829.3333333333335,-14.086787564766839,37.741517436380775,-10.751295336787564,39.5617342130066
CB1_CORE_S_CF3_R04,S,CF3,GA,1423.0,1508.5,1504.0,59.558094887820786,1611.0,116.00289466580143,77.96520728050382,17217.6,1.0,116.0,1544.0,2829.3333333333335,2.2992227979274613,46.683553251649386,7.83678756476684,49.705466540999055
CB1_CORE_S_CF3_R05,S,CF3,ALNS-H1,1531.0,1582.8,1576.0,31.98193934777011,1627.0,112.00296659219893,50.88233809419908,18324.6,1.0,112.0,1627.0,3045.6666666666665,2.71665642286417,48.0310824121703,5.900430239704979,49.731859472474554
CB1_CORE_S_CF3_R05,S,CF3,Adapted DCGA,1670.0,1707.0,1712.0,22.934689882359425,1740.0,116.18610354339762,71.54968054159835,6253.4,1.0,112.0,1627.0,3045.6666666666665,-4.917025199754149,43.953157491518006,-2.642901044867855,45.167998248878185
CB1_CORE_S_CF3_R05,S,CF3,GA,1497.0,1555.1,1537.0,50.33984505339682,1634.0,112.00322706110019,87.97705521259631,17994.1,1.0,112.0,1627.0,3045.6666666666665,4.419176398279046,48.940571303491296,7.990165949600492,50.848199627886615
