instance_id,scale,CF_level,algorithm,mean_improvement_over_ppo_percent,best_improvement_over_ppo_percent
CB1_CORE_L_CF1_R01,L,CF1,ALNS-H1,25.877923903222573,28.290332295954222
CB1_CORE_L_CF1_R01,L,CF1,Adapted DCGA,10.9803232607168,12.493725529565308
CB1_CORE_L_CF1_R01,L,CF1,GA,17.01887360706757,18.682863166348763
CB1_CORE_L_CF1_R02,L,CF1,ALNS-H1,33.52071412222477,34.7676813916228
CB1_CORE_L_CF1_R02,L,CF1,Adapted DCGA,18.01739528496224,19.02952620737011
CB1_CORE_L_CF1_R02,L,CF1,GA,23.645227740901817,26.01968413824674
CB1_CORE_L_CF1_R03,L,CF1,ALNS-H1,24.22358737303083,25.40599720211666
CB1_CORE_L_CF1_R03,L,CF1,Adapted DCGA,5.722887902195728,7.177179003710231
CB1_CORE_L_CF1_R03,L,CF1,GA,12.40313849522534,16.4101940271273
CB1_CORE_L_CF1_R04,L,CF1,ALNS-H1,26.077747021302194,29.14309784570947
CB1_CORE_L_CF1_R04,L,CF1,Adapted DCGA,12.056204116018769,13.83439643759778
CB1_CORE_L_CF1_R04,L,CF1,GA,25.176916596461666,27.590564448188708
CB1_CORE_L_CF1_R05,L,CF1,ALNS-H1,30.880558944216478,33.07641122324498
CB1_CORE_L_CF1_R05,L,CF1,Adapted DCGA,9.803704114450477,11.267605633802813
CB1_CORE_L_CF1_R05,L,CF1,GA,20.234002439835862,24.24309637351669
CB1_CORE_L_CF2_R01,L,CF2,ALNS-H1,19.848653460939236,22.679724015134656
CB1_CORE_L_CF2_R01,L,CF2,Adapted DCGA,0.8758068105942658,1.6970843534386875
CB1_CORE_L_CF2_R01,L,CF2,GA,7.541175161362129,10.66102826619186
CB1_CORE_L_CF2_R02,L,CF2,ALNS-H1,20.523430592396114,22.015915119363395
CB1_CORE_L_CF2_R02,L,CF2,Adapted DCGA,-1.74358974358975,0.3183023872679045
CB1_CORE_L_CF2_R02,L,CF2,GA,13.071618037135275,17.064544650751547
CB1_CORE_L_CF2_R03,L,CF2,ALNS-H1,32.78470846495689,35.605289928789425
CB1_CORE_L_CF2_R03,L,CF2,Adapted DCGA,18.312362799164745,19.15725223536971
CB1_CORE_L_CF2_R03,L,CF2,GA,29.003587299887563,32.89072120790277
CB1_CORE_L_CF2_R04,L,CF2,ALNS-H1,34.22826086956521,35.626598465473144
CB1_CORE_L_CF2_R04,L,CF2,Adapted DCGA,8.770460358056255,9.884910485933498
CB1_CORE_L_CF2_R04,L,CF2,GA,24.848465473145776,31.56010230179028
CB1_CORE_L_CF2_R05,L,CF2,ALNS-H1,33.235336297146134,35.049476552416465
CB1_CORE_L_CF2_R05,L,CF2,Adapted DCGA,21.359529614226297,22.74487308188728
CB1_CORE_L_CF2_R05,L,CF2,GA,26.414742578517135,29.657249390506237
CB1_CORE_L_CF3_R01,L,CF3,ALNS-H1,27.20090627000936,28.513027631384524
CB1_CORE_L_CF3_R01,L,CF3,Adapted DCGA,12.053883662512938,13.08673595035217
CB1_CORE_L_CF3_R01,L,CF3,GA,16.734965276067573,19.86898487908191
CB1_CORE_L_CF3_R02,L,CF3,ALNS-H1,44.619701668881994,46.62531383842859
CB1_CORE_L_CF3_R02,L,CF3,Adapted DCGA,27.486338797814213,29.301432580121105
CB1_CORE_L_CF3_R02,L,CF3,GA,37.852606705065725,42.40141781125388
CB1_CORE_L_CF3_R03,L,CF3,ALNS-H1,32.93438876191538,35.16361001170634
CB1_CORE_L_CF3_R03,L,CF3,Adapted DCGA,12.050281509560174,14.025307988182178
CB1_CORE_L_CF3_R03,L,CF3,GA,26.788561235297397,29.594737722281064
CB1_CORE_L_CF3_R04,L,CF3,ALNS-H1,15.380457971838993,21.725216896600763
CB1_CORE_L_CF3_R04,L,CF3,Adapted DCGA,-16.584411890200546,-12.19598919072679
CB1_CORE_L_CF3_R04,L,CF3,GA,0.054046366093006296,6.0446593656663286
CB1_CORE_L_CF3_R05,L,CF3,ALNS-H1,61.31554061153725,61.82620573710203
CB1_CORE_L_CF3_R05,L,CF3,Adapted DCGA,45.115057265945154,46.127981506777346
CB1_CORE_L_CF3_R05,L,CF3,GA,51.30503309866555,54.744142061574024
CB1_CORE_M_CF1_R01,M,CF1,ALNS-H1,19.556297241582406,22.430548738588396
CB1_CORE_M_CF1_R01,M,CF1,Adapted DCGA,3.9952881122999857,6.2628840679297095
CB1_CORE_M_CF1_R01,M,CF1,GA,17.62147835476587,24.109158731716892
CB1_CORE_M_CF1_R02,M,CF1,ALNS-H1,29.33556863281784,30.90187491446558
CB1_CORE_M_CF1_R02,M,CF1,Adapted DCGA,20.8368687559874,22.21842069248665
CB1_CORE_M_CF1_R02,M,CF1,GA,27.034350622690564,31.517722731627206
CB1_CORE_M_CF1_R03,M,CF1,ALNS-H1,11.721715328467159,14.02372262773723
CB1_CORE_M_CF1_R03,M,CF1,Adapted DCGA,3.9808394160583958,4.525547445255479
CB1_CORE_M_CF1_R03,M,CF1,GA,9.0036496350365,12.436131386861318
CB1_CORE_M_CF1_R04,M,CF1,ALNS-H1,18.483162518301608,20.8199121522694
CB1_CORE_M_CF1_R04,M,CF1,Adapted DCGA,2.6559297218155145,4.86090775988287
CB1_CORE_M_CF1_R04,M,CF1,GA,13.830161054172772,17.071742313323572
CB1_CORE_M_CF1_R05,M,CF1,ALNS-H1,24.103296132883465,25.61640280301064
CB1_CORE_M_CF1_R05,M,CF1,Adapted DCGA,18.336361276927068,20.140150532052946
CB1_CORE_M_CF1_R05,M,CF1,GA,23.71658447962627,26.888139112379964
CB1_CORE_M_CF2_R01,M,CF2,ALNS-H1,15.578817733990151,19.43173821252639
CB1_CORE_M_CF2_R01,M,CF2,Adapted DCGA,2.183321604503877,4.706192821956373
CB1_CORE_M_CF2_R01,M,CF2,GA,10.796973961998601,15.657987332864185
CB1_CORE_M_CF2_R02,M,CF2,ALNS-H1,27.183732229620297,30.789994601403635
CB1_CORE_M_CF2_R02,M,CF2,Adapted DCGA,13.495591146301964,14.729170415691916
CB1_CORE_M_CF2_R02,M,CF2,GA,23.877091956091416,32.35558754723772
CB1_CORE_M_CF2_R03,M,CF2,ALNS-H1,12.177164222030488,15.41558815070463
CB1_CORE_M_CF2_R03,M,CF2,Adapted DCGA,-1.297095197008913,1.380500431406385
CB1_CORE_M_CF2_R03,M,CF2,GA,11.532930687374174,15.300546448087431
CB1_CORE_M_CF2_R04,M,CF2,ALNS-H1,16.415630550621678,18.68561278863233
CB1_CORE_M_CF2_R04,M,CF2,Adapted DCGA,4.119893428063952,7.069271758436949
CB1_CORE_M_CF2_R04,M,CF2,GA,18.240674955595036,21.74955595026643
CB1_CORE_M_CF2_R05,M,CF2,ALNS-H1,29.451118624559385,32.79620171210704
CB1_CORE_M_CF2_R05,M,CF2,Adapted DCGA,23.097618876339833,24.46586576505288
CB1_CORE_M_CF2_R05,M,CF2,GA,28.242572476800234,31.652399107977846
CB1_CORE_M_CF3_R01,M,CF3,ALNS-H1,17.028490028490026,18.803418803418804
CB1_CORE_M_CF3_R01,M,CF3,Adapted DCGA,3.888888888888889,5.612535612535613
CB1_CORE_M_CF3_R01,M,CF3,GA,18.86324786324786,23.903133903133902
CB1_CORE_M_CF3_R02,M,CF3,ALNS-H1,25.611168107870448,27.82500366407739
CB1_CORE_M_CF3_R02,M,CF3,Adapted DCGA,10.86179100102595,11.578484537593441
CB1_CORE_M_CF3_R02,M,CF3,GA,22.649860765059362,28.506522057745865
CB1_CORE_M_CF3_R03,M,CF3,ALNS-H1,46.206017956806605,47.05775297257947
CB1_CORE_M_CF3_R03,M,CF3,Adapted DCGA,37.210021839359385,37.867022567338026
CB1_CORE_M_CF3_R03,M,CF3,GA,44.158578015044895,47.96772628002912
CB1_CORE_M_CF3_R04,M,CF3,ALNS-H1,13.743037504641665,16.617155588562937
CB1_CORE_M_CF3_R04,M,CF3,Adapted DCGA,-0.8949127367248515,2.0516152989231298
CB1_CORE_M_CF3_R04,M,CF3,GA,8.412551058299293,15.196806535462306
CB1_CORE_M_CF3_R05,M,CF3,ALNS-H1,45.86771987738741,45.86771987738741
CB1_CORE_M_CF3_R05,M,CF3,Adapted DCGA,38.81867484083943,39.377505305352514
CB1_CORE_M_CF3_R05,M,CF3,GA,43.4873850506956,46.85805234614478
CB1_CORE_S_CF1_R01,S,CF1,ALNS-H1,36.904706700672385,39.17226988175284
CB1_CORE_S_CF1_R01,S,CF1,Adapted DCGA,33.05819615117088,34.059819151402735
CB1_CORE_S_CF1_R01,S,CF1,GA,38.36540690934385,40.66774866682124
CB1_CORE_S_CF1_R02,S,CF1,ALNS-H1,27.656935908691832,29.049604916593506
CB1_CORE_S_CF1_R02,S,CF1,Adapted DCGA,25.951492537313438,26.646180860403867
CB1_CORE_S_CF1_R02,S,CF1,GA,28.687445127304656,29.93854258121159
CB1_CORE_S_CF1_R03,S,CF1,ALNS-H1,16.28857903806987,18.54927150242832
CB1_CORE_S_CF1_R03,S,CF1,Adapted DCGA,8.4020053266489,9.76030079899733
CB1_CORE_S_CF1_R03,S,CF1,GA,17.252075826413908,20.617264609117964
CB1_CORE_S_CF1_R04,S,CF1,ALNS-H1,35.178866263071,38.28288387451844
CB1_CORE_S_CF1_R04,S,CF1,Adapted DCGA,32.94661529994497,34.84865162355531
CB1_CORE_S_CF1_R04,S,CF1,GA,38.081452944413876,40.561364887176666
CB1_CORE_S_CF1_R05,S,CF1,ALNS-H1,26.423802612481854,29.071117561683597
CB1_CORE_S_CF1_R05,S,CF1,Adapted DCGA,23.132075471698105,25.457184325108848
CB1_CORE_S_CF1_R05,S,CF1,GA,27.699564586357035,29.680696661828733
CB1_CORE_S_CF2_R01,S,CF2,ALNS-H1,23.003589948145198,24.172317510969286
CB1_CORE_S_CF2_R01,S,CF2,Adapted DCGA,17.375349022736334,18.907060231352215
CB1_CORE_S_CF2_R01,S,CF2,GA,22.43318707618668,25.12963701635421
CB1_CORE_S_CF2_R02,S,CF2,ALNS-H1,29.535864978902953,30.717299578059073
CB1_CORE_S_CF2_R02,S,CF2,Adapted DCGA,21.43881856540084,22.362869198312236
CB1_CORE_S_CF2_R02,S,CF2,GA,29.852320675105485,36.075949367088604
CB1_CORE_S_CF2_R03,S,CF2,ALNS-H1,34.766166645657385,37.64023698474726
CB1_CORE_S_CF2_R03,S,CF2,Adapted DCGA,31.377788982730372,32.91314761124417
CB1_CORE_S_CF2_R03,S,CF2,GA,37.60998361275684,40.249590318920966
CB1_CORE_S_CF2_R04,S,CF2,ALNS-H1,14.226121503062409,18.457209071345805
CB1_CORE_S_CF2_R04,S,CF2,Adapted DCGA,6.1463333885118345,8.624399933785801
CB1_CORE_S_CF2_R04,S,CF2,GA,15.710975004138394,21.63549081277934
CB1_CORE_S_CF2_R05,S,CF2,ALNS-H1,5.72720422004521,10.36171816126601
CB1_CORE_S_CF2_R05,S,CF2,Adapted DCGA,-9.900150715900534,-7.667671439336855
CB1_CORE_S_CF2_R05,S,CF2,GA,7.626224566691778,13.300678221552369
CB1_CORE_S_CF3_R01,S,CF3,ALNS-H1,46.897497805092186,48.54038630377524
CB1_CORE_S_CF3_R01,S,CF3,Adapted DCGA,41.781167690956984,42.8116769095698
CB1_CORE_S_CF3_R01,S,CF3,GA,47.73375768217735,50.28533801580334
CB1_CORE_S_CF3_R02,S,CF3,ALNS-H1,22.836746466685902,25.194692817998273
CB1_CORE_S_CF3_R02,S,CF3,Adapted DCGA,19.36256129218345,20.695125468704937
CB1_CORE_S_CF3_R02,S,CF3,GA,26.120565330256714,27.747331987308918
CB1_CORE_S_CF3_R03,S,CF3,ALNS-H1,15.625849313000144,17.424128038653173
CB1_CORE_S_CF3_R03,S,CF3,Adapted DCGA,10.742865770798725,14.162766118073375
CB1_CORE_S_CF3_R03,S,CF3,GA,20.101162615129088,22.859731239619503
CB1_CORE_S_CF3_R04,S,CF3,ALNS-H1,45.534872761545714,45.95900094250707
CB1_CORE_S_CF3_R04,S,CF3,Adapted DCGA,37.741517436380775,39.5617342130066
CB1_CORE_S_CF3_R04,S,CF3,GA,46.683553251649386,49.705466540999055
CB1_CORE_S_CF3_R05,S,CF3,ALNS-H1,48.0310824121703,49.731859472474554
CB1_CORE_S_CF3_R05,S,CF3,Adapted DCGA,43.953157491518006,45.167998248878185
CB1_CORE_S_CF3_R05,S,CF3,GA,48.940571303491296,50.848199627886615
