AGV,工序,出发位置,目标机器,返回位置,开始运输,到达机器,返回仓库
AGV1,o11_1,Warehouse,M4,Warehouse,0,11,22
AGV1,o8_1,Warehouse,M8,Warehouse,22,25,28
AGV1,o14_1,Warehouse,M2,Warehouse,28,35,42
AGV1,o5_1,Warehouse,M6,Warehouse,42,47,52
AGV1,o11_2,Warehouse,M5,Warehouse,52,61,70
AGV1,o1_12,Warehouse,M6,Warehouse,70,75,80
AGV1,o20_1,Warehouse,M3,Warehouse,80,86,92
AGV1,o8_2,Warehouse,M6,Warehouse,92,97,102
AGV1,o16_1,Warehouse,M6,Warehouse,102,107,112
AGV1,o20_2,Warehouse,M9,Warehouse,112,118,124
AGV1,o17_1,Warehouse,M6,Warehouse,124,129,134
AGV1,o13_1,Warehouse,M2,Warehouse,134,141,148
AGV1,o3_1,Warehouse,M1,Warehouse,148,157,166
AGV1,o20_3,Warehouse,M3,Warehouse,166,172,178
AGV1,o7_2,Warehouse,M6,Warehouse,178,183,188
AGV1,o9_1,Warehouse,M6,Warehouse,188,193,198
AGV1,o13_2,Warehouse,M2,Warehouse,198,205,212
AGV1,o2_2,Warehouse,M8,Warehouse,212,215,218
AGV1,o15_1,Warehouse,M3,Warehouse,218,224,230
AGV1,o14_3,Warehouse,M7,Warehouse,230,241,252
AGV1,o2_3,Warehouse,M2,Warehouse,252,259,266
AGV1,o1_3,Warehouse,M2,Warehouse,266,273,280
AGV1,o15_2,Warehouse,M5,Warehouse,280,289,298
AGV1,o7_3,Warehouse,M2,Warehouse,298,305,312
AGV1,o12_1,Warehouse,M6,Warehouse,312,317,322
AGV1,o13_3,Warehouse,M9,Warehouse,322,328,334
AGV1,o14_4,Warehouse,M6,Warehouse,334,339,344
AGV1,o17_5,Warehouse,M6,Warehouse,344,349,354
AGV1,o6_2,Warehouse,M1,Warehouse,354,363,372
AGV1,o2_5,Warehouse,M7,Warehouse,372,383,394
AGV1,o16_4,Warehouse,M9,Warehouse,394,400,406
AGV1,o3_2,Warehouse,M2,Warehouse,406,413,420
AGV1,o19_3,Warehouse,M8,Warehouse,420,423,426
AGV1,o10_5,Warehouse,M3,Warehouse,426,432,438
AGV1,o15_4,Warehouse,M6,Warehouse,438,443,448
AGV1,o16_5,Warehouse,M2,Warehouse,448,455,462
AGV1,o4_1,Warehouse,M5,Warehouse,462,471,480
AGV1,o6_3,Warehouse,M8,Warehouse,480,483,486
AGV1,o3_4,Warehouse,M6,Warehouse,486,491,496
AGV1,o2_6,Warehouse,M5,Warehouse,496,505,514
AGV1,o5_4,Warehouse,M6,Warehouse,514,519,524
AGV1,o11_5,Warehouse,M5,Warehouse,524,533,542
AGV1,o6_4,Warehouse,M9,Warehouse,542,548,554
AGV1,o19_5,Warehouse,M3,Warehouse,554,560,566
AGV1,o8_7,Warehouse,M3,Warehouse,566,572,578
AGV1,o11_6,Warehouse,M2,Warehouse,578,585,592
AGV1,o18_2,Warehouse,M6,Warehouse,592,597,602
AGV1,o4_2,Warehouse,M9,Warehouse,602,608,614
AGV1,o1_5,Warehouse,M1,Warehouse,614,623,632
AGV1,o11_7,Warehouse,M8,Warehouse,632,635,638
AGV1,o15_6,Warehouse,M1,Warehouse,638,647,656
AGV1,o20_4,Warehouse,M2,Warehouse,656,663,670
AGV1,o16_6,Warehouse,M3,Warehouse,670,676,682
AGV1,o4_3,Warehouse,M5,Warehouse,682,691,700
AGV1,o5_6,Warehouse,M1,Warehouse,700,709,718
AGV1,o10_9,Warehouse,M6,Warehouse,718,723,728
AGV1,o8_8,Warehouse,M2,Warehouse,728,735,742
AGV1,o4_4,Warehouse,M2,Warehouse,742,749,756
AGV1,o5_7,Warehouse,M3,Warehouse,756,762,768
AGV1,o7_7,Warehouse,M2,Warehouse,768,775,782
AGV1,o7_8,Warehouse,M8,Warehouse,782,785,788
AGV1,o19_7,Warehouse,M3,Warehouse,788,794,800
AGV1,o17_7,Warehouse,M8,Warehouse,800,803,806
AGV1,o5_8,Warehouse,M2,Warehouse,806,813,820
AGV1,o12_3,Warehouse,M10,Warehouse,820,831,842
AGV1,o14_9,Warehouse,M8,Warehouse,842,845,848
AGV1,o13_4,Warehouse,M2,Warehouse,848,855,862
AGV1,o5_9,Warehouse,M2,Warehouse,862,869,876
AGV1,o18_4,Warehouse,M6,Warehouse,876,881,886
AGV1,o18_5,Warehouse,M2,Warehouse,886,893,900
AGV1,o17_8,Warehouse,M10,Warehouse,900,911,922
AGV1,o17_9,Warehouse,M2,Warehouse,922,929,936
AGV1,o12_4,Warehouse,M4,Warehouse,936,947,958
AGV1,o17_10,Warehouse,M7,Warehouse,958,969,980
AGV1,o6_6,Warehouse,M6,Warehouse,980,985,990
AGV1,o1_7,Warehouse,M8,Warehouse,990,993,996
AGV1,o3_6,Warehouse,M9,Warehouse,996,1002,1008
AGV1,o20_10,Warehouse,M9,Warehouse,1008,1014,1020
AGV1,o8_10,Warehouse,M1,Warehouse,1020,1029,1038
AGV1,o10_10,Warehouse,M3,Warehouse,1038,1044,1050
AGV1,o20_11,Warehouse,M6,Warehouse,1050,1055,1060
AGV1,o3_7,Warehouse,M9,Warehouse,1060,1066,1072
AGV1,o3_8,Warehouse,M9,Warehouse,1072,1078,1084
AGV1,o8_11,Warehouse,M2,Warehouse,1084,1091,1098
AGV1,o7_9,Warehouse,M5,Warehouse,1098,1107,1116
AGV1,o7_10,Warehouse,M5,Warehouse,1116,1125,1134
AGV1,o19_9,Warehouse,M10,Warehouse,1134,1145,1156
AGV1,o16_8,Warehouse,M1,Warehouse,1156,1165,1174
AGV1,o12_6,Warehouse,M8,Warehouse,1174,1177,1180
AGV1,o16_11,Warehouse,M9,Warehouse,1180,1186,1192
AGV1,o7_11,Warehouse,M6,Warehouse,1192,1197,1202
AGV1,o18_9,Warehouse,M9,Warehouse,1202,1208,1214
AGV1,o15_11,Warehouse,M2,Warehouse,1214,1221,1228
AGV1,o1_10,Warehouse,M9,Warehouse,1228,1234,1240
AGV1,o13_7,Warehouse,M2,Warehouse,1240,1247,1254
AGV1,o8_12,Warehouse,M3,Warehouse,1254,1260,1266
AGV1,o4_7,Warehouse,M1,Warehouse,1266,1275,1284
AGV1,o13_9,Warehouse,M9,Warehouse,1284,1290,1296
AGV1,o17_12,Warehouse,M2,Warehouse,1296,1303,1310
AGV1,o7_12,Warehouse,M3,Warehouse,1310,1316,1322
AGV1,o2_10,Warehouse,M8,Warehouse,1322,1325,1328
AGV1,o13_10,Warehouse,M8,Warehouse,1328,1331,1334
AGV1,o4_10,Warehouse,M2,Warehouse,1334,1341,1348
AGV1,o12_7,Warehouse,M2,Warehouse,1348,1355,1362
AGV1,o12_8,Warehouse,M2,Warehouse,1362,1369,1376
AGV1,o17_13,Warehouse,M9,Warehouse,1376,1382,1388
AGV1,o18_10,Warehouse,M2,Warehouse,1388,1395,1402
AGV1,o19_11,Warehouse,M2,Warehouse,1402,1409,1416
AGV1,o2_11,Warehouse,M3,Warehouse,1416,1422,1428
AGV1,o13_11,Warehouse,M2,Warehouse,1428,1435,1442
AGV1,o16_13,Warehouse,M9,Warehouse,1442,1448,1454
AGV1,o3_11,Warehouse,M2,Warehouse,1454,1461,1468
AGV1,o7_13,Warehouse,M3,Warehouse,1468,1474,1480
AGV1,o6_10,Warehouse,M5,Warehouse,1480,1489,1498
AGV1,o9_11,Warehouse,M2,Warehouse,1498,1505,1512
AGV1,o5_13,Warehouse,M5,Warehouse,1512,1521,1530
AGV1,o2_13,Warehouse,M2,Warehouse,1530,1537,1544
AGV1,o16_14,Warehouse,M6,Warehouse,1544,1549,1554
AGV1,o20_13,Warehouse,M1,Warehouse,1554,1563,1572
AGV1,o15_12,Warehouse,M3,Warehouse,1572,1578,1584
AGV1,o5_14,Warehouse,M3,Warehouse,1584,1590,1596
AGV2,o19_1,Warehouse,M2,Warehouse,0,7,14
AGV2,o5_2,Warehouse,M9,Warehouse,14,20,26
AGV2,o1_1,Warehouse,M6,Warehouse,26,31,36
AGV2,o7_1,Warehouse,M2,Warehouse,36,43,50
AGV2,o14_2,Warehouse,M8,Warehouse,50,53,56
AGV2,o10_1,Warehouse,M9,Warehouse,56,62,68
AGV2,o5_3,Warehouse,M10,Warehouse,68,79,90
AGV2,o2_1,Warehouse,M7,Warehouse,90,101,112
AGV2,o16_2,Warehouse,M5,Warehouse,112,121,130
AGV2,o10_2,Warehouse,M5,Warehouse,130,139,148
AGV2,o19_2,Warehouse,M6,Warehouse,148,153,158
AGV2,o16_3,Warehouse,M9,Warehouse,158,164,170
AGV2,o11_3,Warehouse,M6,Warehouse,170,175,180
AGV2,o17_2,Warehouse,M2,Warehouse,180,187,194
AGV2,o17_3,Warehouse,M8,Warehouse,194,197,200
AGV2,o9_2,Warehouse,M2,Warehouse,200,207,214
AGV2,o1_2,Warehouse,M6,Warehouse,214,219,224
AGV2,o8_3,Warehouse,M2,Warehouse,224,231,238
AGV2,o9_3,Warehouse,M9,Warehouse,238,244,250
AGV2,o8_4,Warehouse,M8,Warehouse,250,253,256
AGV2,o17_4,Warehouse,M6,Warehouse,256,261,266
AGV2,o6_1,Warehouse,M9,Warehouse,266,272,278
AGV2,o10_3,Warehouse,M2,Warehouse,278,285,292
AGV2,o2_4,Warehouse,M2,Warehouse,292,299,306
AGV2,o10_4,Warehouse,M1,Warehouse,306,315,324
AGV2,o8_5,Warehouse,M10,Warehouse,324,335,346
AGV2,o18_1,Warehouse,M6,Warehouse,346,351,356
AGV2,o14_5,Warehouse,M3,Warehouse,356,362,368
AGV2,o15_3,Warehouse,M9,Warehouse,368,374,380
AGV2,o11_4,Warehouse,M9,Warehouse,380,386,392
AGV2,o3_3,Warehouse,M1,Warehouse,392,401,410
AGV2,o7_4,Warehouse,M10,Warehouse,410,421,432
AGV2,o19_4,Warehouse,M1,Warehouse,432,441,450
AGV2,o1_4,Warehouse,M9,Warehouse,450,456,462
AGV2,o8_6,Warehouse,M1,Warehouse,462,471,480
AGV2,o10_6,Warehouse,M6,Warehouse,480,485,490
AGV2,o9_4,Warehouse,M9,Warehouse,490,496,502
AGV2,o9_5,Warehouse,M8,Warehouse,502,505,508
AGV2,o15_5,Warehouse,M8,Warehouse,508,511,514
AGV2,o17_6,Warehouse,M5,Warehouse,514,523,532
AGV2,o9_6,Warehouse,M8,Warehouse,532,535,538
AGV2,o7_5,Warehouse,M9,Warehouse,538,544,550
AGV2,o14_6,Warehouse,M5,Warehouse,550,559,568
AGV2,o5_5,Warehouse,M3,Warehouse,568,574,580
AGV2,o10_7,Warehouse,M8,Warehouse,580,583,586
AGV2,o9_7,Warehouse,M6,Warehouse,586,591,596
AGV2,o12_2,Warehouse,M5,Warehouse,596,605,614
AGV2,o7_6,Warehouse,M1,Warehouse,614,623,632
AGV2,o18_3,Warehouse,M8,Warehouse,632,635,638
AGV2,o10_8,Warehouse,M1,Warehouse,638,647,656
AGV2,o15_7,Warehouse,M2,Warehouse,656,663,670
AGV2,o20_5,Warehouse,M8,Warehouse,670,673,676
AGV2,o2_7,Warehouse,M5,Warehouse,676,685,694
AGV2,o3_5,Warehouse,M6,Warehouse,694,699,704
AGV2,o15_8,Warehouse,M6,Warehouse,704,709,714
AGV2,o19_6,Warehouse,M5,Warehouse,714,723,732
AGV2,o20_6,Warehouse,M5,Warehouse,732,741,750
AGV2,o8_9,Warehouse,M6,Warehouse,750,755,760
AGV2,o14_7,Warehouse,M9,Warehouse,760,766,772
AGV2,o9_8,Warehouse,M2,Warehouse,772,779,786
AGV2,o20_7,Warehouse,M10,Warehouse,786,797,808
AGV2,o14_8,Warehouse,M1,Warehouse,808,817,826
AGV2,o15_9,Warehouse,M9,Warehouse,826,832,838
AGV2,o1_6,Warehouse,M9,Warehouse,838,844,850
AGV2,o2_8,Warehouse,M9,Warehouse,850,856,862
AGV2,o20_8,Warehouse,M8,Warehouse,862,865,868
AGV2,o20_9,Warehouse,M6,Warehouse,868,873,878
AGV2,o9_9,Warehouse,M9,Warehouse,878,884,890
AGV2,o5_10,Warehouse,M9,Warehouse,890,896,902
AGV2,o16_7,Warehouse,M8,Warehouse,902,905,908
AGV2,o6_5,Warehouse,M2,Warehouse,908,915,922
AGV2,o15_10,Warehouse,M3,Warehouse,922,928,934
AGV2,o1_8,Warehouse,M3,Warehouse,934,940,946
AGV2,o19_8,Warehouse,M9,Warehouse,946,952,958
AGV2,o4_5,Warehouse,M10,Warehouse,958,969,980
AGV2,o18_6,Warehouse,M5,Warehouse,980,989,998
AGV2,o5_11,Warehouse,M5,Warehouse,998,1007,1016
AGV2,o18_7,Warehouse,M2,Warehouse,1016,1023,1030
AGV2,o6_7,Warehouse,M6,Warehouse,1030,1035,1040
AGV2,o18_8,Warehouse,M6,Warehouse,1040,1045,1050
AGV2,o11_8,Warehouse,M9,Warehouse,1050,1056,1062
AGV2,o13_5,Warehouse,M9,Warehouse,1062,1068,1074
AGV2,o12_5,Warehouse,M1,Warehouse,1074,1083,1092
AGV2,o16_9,Warehouse,M4,Warehouse,1092,1103,1114
AGV2,o1_9,Warehouse,M2,Warehouse,1114,1121,1128
AGV2,o17_11,Warehouse,M5,Warehouse,1128,1137,1146
AGV2,o16_10,Warehouse,M6,Warehouse,1146,1151,1156
AGV2,o20_12,Warehouse,M3,Warehouse,1156,1162,1168
AGV2,o13_6,Warehouse,M3,Warehouse,1168,1174,1180
AGV2,o5_12,Warehouse,M2,Warehouse,1180,1187,1194
AGV2,o4_6,Warehouse,M6,Warehouse,1194,1199,1204
AGV2,o11_9,Warehouse,M8,Warehouse,1204,1207,1210
AGV2,o13_8,Warehouse,M6,Warehouse,1210,1215,1220
AGV2,o3_9,Warehouse,M8,Warehouse,1220,1223,1226
AGV2,o6_8,Warehouse,M2,Warehouse,1226,1233,1240
AGV2,o3_10,Warehouse,M3,Warehouse,1240,1246,1252
AGV2,o2_9,Warehouse,M8,Warehouse,1252,1255,1258
AGV2,o4_8,Warehouse,M10,Warehouse,1258,1269,1280
AGV2,o4_9,Warehouse,M2,Warehouse,1280,1287,1294
AGV2,o11_10,Warehouse,M1,Warehouse,1294,1303,1312
AGV2,o19_10,Warehouse,M2,Warehouse,1312,1319,1326
AGV2,o16_12,Warehouse,M2,Warehouse,1326,1333,1340
AGV2,o6_9,Warehouse,M7,Warehouse,1340,1351,1362
AGV2,o12_9,Warehouse,M6,Warehouse,1362,1367,1372
AGV2,o12_10,Warehouse,M2,Warehouse,1372,1379,1386
AGV2,o19_12,Warehouse,M3,Warehouse,1386,1392,1398
AGV2,o8_13,Warehouse,M8,Warehouse,1398,1401,1404
AGV2,o10_11,Warehouse,M5,Warehouse,1404,1413,1422
AGV2,o1_11,Warehouse,M2,Warehouse,1422,1429,1436
AGV2,o12_11,Warehouse,M7,Warehouse,1436,1447,1458
AGV2,o9_10,Warehouse,M6,Warehouse,1458,1463,1468
AGV2,o7_14,Warehouse,M1,Warehouse,1468,1477,1486
AGV2,o10_12,Warehouse,M9,Warehouse,1486,1492,1498
AGV2,o2_12,Warehouse,M9,Warehouse,1498,1504,1510
AGV2,o4_11,Warehouse,M8,Warehouse,1510,1513,1516
AGV2,o19_13,Warehouse,M5,Warehouse,1516,1525,1534
AGV2,o14_10,Warehouse,M3,Warehouse,1534,1540,1546
AGV2,o6_11,Warehouse,M5,Warehouse,1546,1555,1564
AGV2,o18_11,Warehouse,M4,Warehouse,1564,1575,1586
