,,,number_of_products,number_of_products,number_of_products,number_of_products,number_of_operations,number_of_operations,number_of_operations,number_of_operations,number_of_islands,number_of_islands,number_of_islands,number_of_islands,number_of_W_AGVs,number_of_W_AGVs,number_of_W_AGVs,number_of_W_AGVs,number_of_F_AGVs,number_of_F_AGVs,number_of_F_AGVs,number_of_F_AGVs,number_of_configurations,number_of_configurations,number_of_configurations,number_of_configurations,number_of_precedence_edges,number_of_precedence_edges,number_of_precedence_edges,number_of_precedence_edges,F_route_mean,F_route_mean,F_route_mean,F_route_mean,F_route_median,F_route_median,F_route_median,F_route_median,R_full_op,R_full_op,R_full_op,R_full_op,R_high_op,R_high_op,R_high_op,R_high_op,F_route_min,F_route_min,F_route_min,F_route_min,F_route_max,F_route_max,F_route_max,F_route_max,F_cap_mean,F_cap_mean,F_cap_mean,F_cap_mean,R_full_island,R_full_island,R_full_island,R_full_island,capability_heterogeneity,capability_heterogeneity,capability_heterogeneity,capability_heterogeneity,capability_selectivity_mean,capability_selectivity_mean,capability_selectivity_mean,capability_selectivity_mean,capability_selectivity_median,capability_selectivity_median,capability_selectivity_median,capability_selectivity_median,capability_selectivity_std,capability_selectivity_std,capability_selectivity_std,capability_selectivity_std,capability_selectivity_min,capability_selectivity_min,capability_selectivity_min,capability_selectivity_min,capability_selectivity_max,capability_selectivity_max,capability_selectivity_max,capability_selectivity_max,processing_CV_mean,processing_CV_mean,processing_CV_mean,processing_CV_mean,processing_CV_median,processing_CV_median,processing_CV_median,processing_CV_median,processing_CV_p90,processing_CV_p90,processing_CV_p90,processing_CV_p90,processing_min_max_ratio_mean,processing_min_max_ratio_mean,processing_min_max_ratio_mean,processing_min_max_ratio_mean,mean_processing_time,mean_processing_time,mean_processing_time,mean_processing_time,precedence_edge_density,precedence_edge_density,precedence_edge_density,precedence_edge_density,mean_predecessor_count,mean_predecessor_count,mean_predecessor_count,mean_predecessor_count,mean_successor_count,mean_successor_count,mean_successor_count,mean_successor_count,number_of_source_operations,number_of_source_operations,number_of_source_operations,number_of_source_operations,number_of_sink_operations,number_of_sink_operations,number_of_sink_operations,number_of_sink_operations,mean_ready_set_size,mean_ready_set_size,mean_ready_set_size,mean_ready_set_size,max_ready_set_size,max_ready_set_size,max_ready_set_size,max_ready_set_size,mean_reconfiguration_time,mean_reconfiguration_time,mean_reconfiguration_time,mean_reconfiguration_time,median_reconfiguration_time,median_reconfiguration_time,median_reconfiguration_time,median_reconfiguration_time,maximum_reconfiguration_time,maximum_reconfiguration_time,maximum_reconfiguration_time,maximum_reconfiguration_time,nonzero_reconfiguration_std,nonzero_reconfiguration_std,nonzero_reconfiguration_std,nonzero_reconfiguration_std,nonzero_reconfiguration_CV,nonzero_reconfiguration_CV,nonzero_reconfiguration_CV,nonzero_reconfiguration_CV,RI,RI,RI,RI,configuration_diversity_entropy,configuration_diversity_entropy,configuration_diversity_entropy,configuration_diversity_entropy,nonzero_offdiagonal_reconfiguration_ratio,nonzero_offdiagonal_reconfiguration_ratio,nonzero_offdiagonal_reconfiguration_ratio,nonzero_offdiagonal_reconfiguration_ratio,W_transport_intensity,W_transport_intensity,W_transport_intensity,W_transport_intensity,F_transport_intensity,F_transport_intensity,F_transport_intensity,F_transport_intensity,operations_per_W_AGV,operations_per_W_AGV,operations_per_W_AGV,operations_per_W_AGV,operations_per_F_AGV,operations_per_F_AGV,operations_per_F_AGV,operations_per_F_AGV,islands_per_W_AGV,islands_per_W_AGV,islands_per_W_AGV,islands_per_W_AGV,islands_per_F_AGV,islands_per_F_AGV,islands_per_F_AGV,islands_per_F_AGV,configuration_entropy,configuration_entropy,configuration_entropy,configuration_entropy
,,,mean,std,min,max,mean,std,min,max,mean,std,min,max,mean,std,min,max,mean,std,min,max,mean,std,min,max,mean,std,min,max,mean,std,min,max,mean,std,min,max,mean,std,min,max,mean,std,min,max,mean,std,min,max,mean,std,min,max,mean,std,min,max,mean,std,min,max,mean,std,min,max,mean,std,min,max,mean,std,min,max,mean,std,min,max,mean,std,min,max,mean,std,min,max,mean,std,min,max,mean,std,min,max,mean,std,min,max,mean,std,min,max,mean,std,min,max,mean,std,min,max,mean,std,min,max,mean,std,min,max,mean,std,min,max,mean,std,min,max,mean,std,min,max,mean,std,min,max,mean,std,min,max,mean,std,min,max,mean,std,min,max,mean,std,min,max,mean,std,min,max,mean,std,min,max,mean,std,min,max,mean,std,min,max,mean,std,min,max,mean,std,min,max,mean,std,min,max,mean,std,min,max,mean,std,min,max,mean,std,min,max,mean,std,min,max
suite,scale,CF_level,,,,,,,,,,,,,,,,,,,,,,,,,,,,,,,,,,,,,,,,,,,,,,,,,,,,,,,,,,,,,,,,,,,,,,,,,,,,,,,,,,,,,,,,,,,,,,,,,,,,,,,,,,,,,,,,,,,,,,,,,,,,,,,,,,,,,,,,,,,,,,,,,,,,,,,,,,,,,,,,,,,,,,,,,,,,,,,,,,,,,,,,,,,,,,,,
CORE,L,CF1,22.0,0.0,22,22,177.4,8.080841540334774,171,190,15.0,0.0,15,15,2.0,0.0,2,2,2.0,0.0,2,2,8.0,0.0,8,8,258.6,19.894722918402252,241,292,0.23235609647968597,0.003880772984953841,0.2280701754385965,0.23646408839779007,0.22666666666666666,0.036514837167011066,0.2,0.26666666666666666,0.0,0.0,0.0,0.0,0.0,0.0,0.0,0.0,0.2,0.0,0.2,0.2,0.26666666666666666,0.0,0.26666666666666666,0.26666666666666666,0.35,0.0,0.35,0.35,0.0,0.0,0.0,0.0,0.13996946176163433,0.03939992239033788,0.08164965809277261,0.17795130420052185,0.35,0.0,0.35,0.35,0.32666666666666666,0.036514837167011066,0.26666666666666666,0.3666666666666667,0.08607080289104291,0.030791304705182324,0.04409585518440986,0.11902380714238082,0.24,0.036514837167011066,0.2,0.26666666666666666,0.5066666666666666,0.07601169500660919,0.4,0.6,0.3247371660153793,0.002498938647552337,0.32159121879898434,0.32745513470167575,0.32761819597648606,0.004062562088342011,0.322301281945155,0.33231905872237216,0.3667022887668486,0.0007906449136554845,0.3655965970247943,0.3675728182191435,0.4135703886507144,0.003057847940240036,0.41118631587061033,0.41815679800458094,62.047716142544076,0.8337469749434792,61.063545150501675,63.03582554517134,0.39817501560426605,0.014959504622803082,0.3806734992679356,0.4193011647254576,1.4563828906237144,0.05336200668601933,1.393063583815029,1.5368421052631578,1.4563828906237144,0.05336200668601933,1.393063583815029,1.5368421052631578,22.0,0.0,22,22,22.0,0.0,22,22,12.746187654767276,0.1493944922495705,12.569060773480663,12.923976608187134,24.6,0.8944271909999155,24,26,18.133609785644406,0.6790175961681867,17.016129032258064,18.835616438356166,19.8,1.3038404810405297,18.0,21.0,47.6,2.966479394838265,44.0,52.0,9.670723788151669,0.5726200450741762,9.042210457278696,10.365277579010648,0.36971699518941126,0.018108055278668923,0.35142599500593724,0.3919959520789481,0.42141496110575477,0.0021624614300823995,0.41879610730049527,0.4247739779874214,0.9639886980199405,0.013270192806029778,0.9440659807697658,0.978526757671453,1.0,0.0,1.0,1.0,0.5497306522962082,0.0004423996882439125,0.5493527727780536,0.5504639661381312,0.9985864166270803,0.001379156201420975,0.9967876646321876,1.000618154213209,88.7,4.040420770167387,85.5,95.0,88.7,4.040420770167387,85.5,95.0,7.5,0.0,7.5,7.5,7.5,0.0,7.5,7.5,0.9639886980199405,0.013270192806029778,0.9440659807697658,0.978526757671453
CORE,L,CF2,22.0,0.0,22,22,181.2,10.825894882179488,165,195,15.0,0.0,15,15,2.0,0.0,2,2,2.0,0.0,2,2,8.0,0.0,8,8,261.0,12.409673645990857,244,279,0.3616218681507986,0.004624814905508407,0.35452991452991456,0.3664646464646465,0.3333333333333333,0.0,0.3333333333333333,0.3333333333333333,0.0,0.0,0.0,0.0,0.0,0.0,0.0,0.0,0.30666666666666664,0.05962847939999438,0.2,0.3333333333333333,0.4,0.0,0.4,0.4,0.5,0.0,0.5,0.5,0.0,0.0,0.0,0.0,0.1463812361445836,0.01729162989173968,0.13693063937629152,0.1767766952966369,0.5,0.0,0.5,0.5,0.4666666666666667,0.02357022603955158,0.43333333333333335,0.5,0.11736719974440124,0.028926304391553814,0.08164965809277258,0.14907119849998596,0.32,0.07302967433402216,0.2,0.4,0.7066666666666667,0.05962847939999442,0.6666666666666666,0.8,0.3256425508630879,0.0020130538139727433,0.32360509165903617,0.328651706428155,0.32590756767942086,0.003773634085260074,0.3203047856485172,0.3299831645537222,0.36814608078511435,0.0014983085191205769,0.36665928223111194,0.37042847577377186,0.3647734618665571,0.004362329496348902,0.35966908017482313,0.37071600004159216,62.52098412692121,0.9074519201523339,61.0089641434263,63.322645290581164,0.3863566385030646,0.030420562557071765,0.35361216730038025,0.43493761140819964,1.4413498293676443,0.024320619574550437,1.4207650273224044,1.4787878787878788,1.4413498293676443,0.024320619574550437,1.4207650273224044,1.4787878787878788,22.0,0.0,22,22,22.0,0.0,22,22,12.90710718788479,0.5790472196492071,12.37948717948718,13.810055865921788,25.0,1.4142135623730951,24,27,20.251341019015438,0.3542943704448165,19.786821705426355,20.78148148148148,21.0,1.224744871391589,20.0,23.0,52.2,2.9495762407505244,50.0,57.0,10.382918542000617,0.3392986020011622,9.986990287368863,10.754459642578828,0.39483994121614086,0.015853575909833193,0.38038431869620504,0.4157789482052215,0.4207313948682206,0.001674729959666286,0.41864133603100034,0.4226072126419865,0.9455021598546068,0.015060666784141755,0.9244591366810528,0.9581276813561704,1.0,0.0,1.0,1.0,0.5501888339809096,0.00040665877804674667,0.5496458487490172,0.5507457498943252,1.0005272253519402,0.0019366802429482014,0.9973411062970399,1.0025849074058957,90.6,5.412947441089744,82.5,97.5,90.6,5.412947441089744,82.5,97.5,7.5,0.0,7.5,7.5,7.5,0.0,7.5,7.5,0.9455021598546068,0.015060666784141755,0.9244591366810528,0.9581276813561704
CORE,L,CF3,22.0,0.0,22,22,178.6,9.864076236526156,167,193,15.0,0.0,15,15,2.0,0.0,2,2,2.0,0.0,2,2,8.0,0.0,8,8,258.2,19.8292712927127,237,287,0.49287585651846816,0.006021682815884236,0.48393782383419687,0.49872495446265935,0.4666666666666667,0.0,0.4666666666666667,0.4666666666666667,0.0,0.0,0.0,0.0,0.0,0.0,0.0,0.0,0.44000000000000006,0.036514837167011066,0.4,0.4666666666666667,0.5333333333333333,0.0,0.5333333333333333,0.5333333333333333,0.65,0.0,0.65,0.65,0.0,0.0,0.0,0.0,0.1484788980712542,0.023822699982005324,0.1224744871391589,0.18371173070873836,0.65,7.850462293418876e-17,0.6499999999999999,0.65,0.6666666666666666,0.023570226039551646,0.6333333333333333,0.7,0.10855183622753237,0.036225546665376994,0.07264831572567787,0.169148192751537,0.4533333333333333,0.05577733510227169,0.4,0.5333333333333333,0.7866666666666667,0.055777335102271765,0.7333333333333333,0.8666666666666667,0.32566037654635627,0.0027442832083994597,0.32131146252046006,0.3281057324415925,0.32711430291522253,0.004517045885397628,0.3201386139133512,0.33176330983058316,0.36724835605771344,0.002500965288600217,0.3633348661318963,0.3693670742149049,0.34197801985036386,0.003505615836190384,0.3380693974394481,0.3472841523107439,62.23878372925064,1.8788383030679454,59.85756026296567,64.20031298904539,0.3925050383055503,0.013886187601622198,0.3761467889908257,0.40932642487046633,1.444418298100718,0.034612237551961654,1.4034090909090908,1.4870466321243523,1.444418298100718,0.034612237551961654,1.4034090909090908,1.4870466321243523,22.0,0.0,22,22,22.0,0.0,22,22,13.18439104019905,0.4434711413726202,12.704663212435234,13.67065868263473,25.0,0.7071067811865476,24,26,21.324674275389107,0.6191633093441126,20.455607476635514,21.924170616113745,21.2,0.8366600265340757,20.0,22.0,50.6,3.435112807463534,45.0,54.0,9.816408834012043,0.301147205452359,9.54798896235568,10.327800672881798,0.37640375433275447,0.011923382343370202,0.35895484501765884,0.38862195234412994,0.4191927556727027,0.0009466276793811147,0.4178968471884452,0.4205339476112228,0.9502038014196945,0.013782560401094273,0.9285510222165596,0.9626615178868569,1.0,0.0,1.0,1.0,0.5498697812146596,0.00042329431441075904,0.5494396668472372,0.5503950473261394,0.999059437203389,0.002422850149148357,0.9955210294208624,1.0018227673032725,89.3,4.932038118263078,83.5,96.5,89.3,4.932038118263078,83.5,96.5,7.5,0.0,7.5,7.5,7.5,0.0,7.5,7.5,0.9502038014196945,0.013782560401094273,0.9285510222165596,0.9626615178868569
CORE,M,CF1,15.0,0.0,15,15,115.8,8.258329128825032,110,130,10.0,0.0,10,10,2.0,0.0,2,2,2.0,0.0,2,2,6.0,0.0,6,6,165.8,15.368799562750503,150,189,0.2387827580504926,0.008926655220888676,0.22456140350877193,0.24769230769230768,0.2,0.0,0.2,0.2,0.0,0.0,0.0,0.0,0.0,0.0,0.0,0.0,0.2,0.0,0.2,0.2,0.3,0.0,0.3,0.3,0.35,0.0,0.35,0.35,0.0,0.0,0.0,0.0,0.15818746126058592,0.031820992152664825,0.11666666666666667,0.18929694486000911,0.35,0.0,0.35,0.35000000000000003,0.36,0.02236067977499791,0.35,0.4,0.09582387886948726,0.028528879485075456,0.05000000000000002,0.12583057392117916,0.22000000000000003,0.04472135954999579,0.2,0.3,0.48,0.04472135954999579,0.4,0.5,0.32548457048837287,0.0009156144297687881,0.32443298075845395,0.3264534531439393,0.32670954840267014,0.0041749776463185975,0.32101694915254236,0.3313319458837149,0.36972104230587344,0.0015998409723699783,0.3683223556033536,0.372258646194366,0.47918913530264984,0.007024548552081568,0.4735069398928468,0.49093675879283244,62.15124677417835,1.9036377324945766,59.910714285714285,64.81640625,0.41336147538790324,0.023860024823687428,0.3713163064833006,0.42896935933147634,1.4303767475849856,0.04712878914771504,1.3636363636363635,1.4782608695652173,1.4303767475849856,0.04712878914771504,1.3636363636363635,1.4782608695652173,15.0,0.0,15,15,15.0,0.0,15,15,9.158971265195522,0.2780647268327309,8.727272727272727,9.381818181818181,18.2,1.3038404810405297,17,20,15.758702686635726,0.8003658519152825,14.693877551020408,16.57894736842105,17.0,1.7320508075688776,14.0,18.0,44.6,3.361547262794322,41.0,49.0,8.231840711194163,0.6273891457137262,7.497324625705484,9.03811374126261,0.31654742740214753,0.028058872194875774,0.28892474565277204,0.34622719486430065,0.41892389643802125,0.002092698255691296,0.41558090368258027,0.42128603104212864,0.9393094516944013,0.015378134987120784,0.9136398357056955,0.9524954982956605,1.0,0.0,1.0,1.0,0.5502736772998835,0.0005601495864896972,0.5496548976260555,0.5510761719187439,1.0007902536800366,0.0012053811067558832,0.9989773341855548,1.00199066874028,57.9,4.129164564412516,55.0,65.0,57.9,4.129164564412516,55.0,65.0,5.0,0.0,5.0,5.0,5.0,0.0,5.0,5.0,0.9393094516944013,0.015378134987120784,0.9136398357056955,0.9524954982956605
CORE,M,CF2,15.0,0.0,15,15,119.8,4.549725266430929,115,125,10.0,0.0,10,10,2.0,0.0,2,2,2.0,0.0,2,2,6.0,0.0,6,6,173.2,9.364827814754525,162,185,0.34592148253741983,0.002357350818733143,0.34347826086956523,0.34956521739130436,0.3,0.0,0.3,0.3,0.0,0.0,0.0,0.0,0.0,0.0,0.0,0.0,0.3,0.0,0.3,0.3,0.4,0.0,0.4,0.4,0.5,0.0,0.5,0.5,0.0,0.0,0.0,0.0,0.19361610665883197,0.019058496138651095,0.16666666666666666,0.21081851067789198,0.5,0.0,0.5,0.5,0.49000000000000005,0.022360679774997904,0.45,0.5,0.11888834676147961,0.025793111265143158,0.08164965809277258,0.1527525231651947,0.33999999999999997,0.05477225575051662,0.3,0.4,0.7,0.07071067811865477,0.6,0.8,0.32240754827819673,0.001840638372116661,0.3201579305808784,0.32434983151451263,0.3192534774329668,0.0023673747814260213,0.3168494194644907,0.32197572509470535,0.3681636911377243,0.0034728894220654844,0.3647692981645522,0.37374782844420973,0.41770081402455145,0.0026925336128970296,0.41397814219184187,0.4201991051428276,62.69574044740273,1.9513001835188344,59.97761194029851,64.69976905311778,0.398688630769627,0.011360149603206719,0.3901345291479821,0.4181360201511335,1.4451233071988596,0.029116143148380087,1.4086956521739131,1.48,1.4451233071988596,0.029116143148380087,1.4086956521739131,1.48,15.0,0.0,15,15,15.0,0.0,15,15,9.18128011404134,0.29571692720936427,8.843478260869565,9.655737704918034,18.0,1.0,17,19,18.778448049176127,0.7448543917543192,17.62,19.62264150943396,20.0,2.5495097567963927,18.0,24.0,48.4,1.6733200530681516,47.0,51.0,9.106472248022088,0.33891436261362523,8.711193830881257,9.40633958438304,0.34473816154057657,0.01541775982332899,0.3205054486331711,0.3584519000752292,0.4216088581724925,0.002343484854790614,0.4192441549170088,0.42464161818640406,0.9484978239230433,0.013904605958675159,0.9309564793461849,0.961225170389868,1.0,0.0,1.0,1.0,0.5498453254366085,0.000257580519961024,0.5495184840470646,0.5501245588802043,0.999095014541787,0.002674000246179585,0.9961112420457224,1.003094770658576,59.9,2.2748626332154647,57.5,62.5,59.9,2.2748626332154647,57.5,62.5,5.0,0.0,5.0,5.0,5.0,0.0,5.0,5.0,0.9484978239230433,0.013904605958675159,0.9309564793461849,0.961225170389868
CORE,M,CF3,15.0,0.0,15,15,117.4,6.655824516917495,111,128,10.0,0.0,10,10,2.0,0.0,2,2,2.0,0.0,2,2,6.0,0.0,6,6,169.0,10.931605554537724,155,183,0.5415538455673942,0.005181861928706844,0.5352941176470588,0.5465517241379311,0.5,0.0,0.5,0.5,0.0,0.0,0.0,0.0,0.0,0.0,0.0,0.0,0.5,0.0,0.5,0.5,0.6,0.0,0.6,0.6,0.65,0.0,0.65,0.65,0.0,0.0,0.0,0.0,0.14436089591007922,0.02619209377198035,0.11666666666666668,0.17400510848184253,0.65,7.850462293418876e-17,0.6499999999999999,0.65,0.6699999999999999,0.04472135954999575,0.6,0.7,0.09442040633816148,0.01772898522205729,0.07637626158259732,0.11180339887498951,0.5,0.0,0.5,0.5,0.76,0.05477225575051667,0.7,0.8,0.3244596173413776,0.0036691322661703764,0.3197196857709059,0.32918982551791726,0.3266449346549115,0.004884674285119427,0.32115569248676645,0.3327561323230812,0.36652529269446354,0.0038532598393684154,0.36209894158970546,0.37113251993543245,0.3660948907789232,0.00484684002056614,0.3603598291287481,0.3715658753728998,63.44700058276635,0.8796050325587196,62.457413249211356,64.52086330935252,0.40663124100518344,0.025587186900076293,0.36237623762376237,0.4246575342465753,1.4391658462420422,0.029996321492911565,1.3963963963963963,1.4789915966386555,1.4391658462420422,0.029996321492911565,1.3963963963963963,1.4789915966386555,15.0,0.0,15,15,15.0,0.0,15,15,9.484145293883621,0.5496728149038917,8.612068965517242,10.11504424778761,18.2,0.44721359549995787,18,19,20.10471116228507,0.39173188584082497,19.662420382165607,20.57668711656442,24.4,1.1401754250991383,23.0,26.0,48.8,1.7888543819998326,47.0,51.0,8.906671402846044,0.6457008396641296,8.105913375898465,9.673398777726815,0.3349159780435257,0.024384789213331877,0.30539520381737517,0.36868311492742,0.4191822785376611,0.0014147729294449578,0.4169864238834255,0.4204788218937891,0.94689077574658,0.018339013169893222,0.9178675928516801,0.9673586691481576,1.0,0.0,1.0,1.0,0.5495401139139543,0.0010822231495187951,0.5477862627501898,0.5505946355817448,1.0009695432315724,0.002249234023912912,0.998280216172534,1.0037320913402767,58.7,3.3279122584587477,55.5,64.0,58.7,3.3279122584587477,55.5,64.0,5.0,0.0,5.0,5.0,5.0,0.0,5.0,5.0,0.94689077574658,0.018339013169893222,0.9178675928516801,0.9673586691481576
CORE,S,CF1,8.0,0.0,8,8,62.2,1.6431676725154982,61,65,7.0,0.0,7,7,2.0,0.0,2,2,2.0,0.0,2,2,5.0,0.0,5,5,89.0,5.477225575051662,84,98,0.2857142857142857,0.0,0.2857142857142857,0.2857142857142857,0.2857142857142857,0.0,0.2857142857142857,0.2857142857142857,0.0,0.0,0.0,0.0,0.0,0.0,0.0,0.0,0.2857142857142857,0.0,0.2857142857142857,0.2857142857142857,0.2857142857142857,0.0,0.2857142857142857,0.2857142857142857,0.34285714285714286,0.0,0.34285714285714286,0.34285714285714286,0.0,0.0,0.0,0.0,0.1504900182011317,0.043531880960186814,0.09035079029052513,0.20603150145508511,0.34285714285714286,0.0,0.34285714285714286,0.34285714285714286,0.2857142857142857,0.0,0.2857142857142857,0.2857142857142857,0.06998542122237651,0.0,0.06998542122237651,0.06998542122237651,0.2857142857142857,0.0,0.2857142857142857,0.2857142857142857,0.42857142857142855,0.0,0.42857142857142855,0.42857142857142855,0.32711479799811616,0.0038998199883083146,0.3215943759005633,0.33161155435196715,0.3281938932547027,0.008882634732653383,0.3174242424242424,0.3404255319148936,0.36830773410949275,0.004012046045296406,0.36363636363636365,0.3733501168854523,0.5078896645090472,0.004393535374874117,0.5028972942316241,0.5141793452201555,62.45653907171622,2.276653561264797,59.704918032786885,64.84615384615384,0.40614404724753017,0.0190717279209941,0.38392857142857145,0.430622009569378,1.4300947809461824,0.058007405772099715,1.3770491803278688,1.5076923076923077,1.4300947809461824,0.058007405772099715,1.3770491803278688,1.5076923076923077,8.0,0.0,8,8,8.0,0.0,8,8,5.435643330757027,0.2534338015086326,5.065573770491803,5.737704918032787,11.0,0.7071067811865476,10,12,13.486721611721611,1.3567386028946091,11.5,15.321428571428571,9.0,7.044501401802686,0.0,19.0,38.6,5.813776741499454,30.0,44.0,7.70046043463996,1.6008378346356222,5.1,9.185447674424575,0.2928389533007202,0.060710318957281253,0.20158102766798416,0.36224300687871563,0.4207667780346479,0.0018133994113956923,0.4189402926057731,0.42375068643602415,0.9377926106253878,0.040149944573655796,0.8711528896217989,0.9732248336067069,1.0,0.0,1.0,1.0,0.550389719454371,0.0009067499943162253,0.54957784184514,0.5518909560021728,1.000864847887233,0.003742961987978495,0.9975750756576395,1.0072565796599156,31.1,0.8215838362577491,30.5,32.5,31.1,0.8215838362577491,30.5,32.5,3.5,0.0,3.5,3.5,3.5,0.0,3.5,3.5,0.9377926106253878,0.040149944573655796,0.8711528896217989,0.9732248336067069
CORE,S,CF2,8.0,0.0,8,8,61.6,2.8809720581775866,58,64,7.0,0.0,7,7,2.0,0.0,2,2,2.0,0.0,2,2,5.0,0.0,5,5,90.2,4.711687595755899,83,94,0.34735366628630804,0.012750144006374513,0.33035714285714285,0.36507936507936506,0.3142857142857143,0.06388765649999399,0.2857142857142857,0.42857142857142855,0.0,0.0,0.0,0.0,0.0,0.0,0.0,0.0,0.2857142857142857,0.0,0.2857142857142857,0.2857142857142857,0.42857142857142855,0.0,0.42857142857142855,0.42857142857142855,0.5142857142857143,1.1102230246251565e-16,0.5142857142857142,0.5142857142857143,0.0,0.0,0.0,0.0,0.1752971371385859,0.0490404799057066,0.14568627181693672,0.25872528966106906,0.5142857142857142,0.0,0.5142857142857142,0.5142857142857142,0.48571428571428565,0.07824607964359516,0.42857142857142855,0.5714285714285714,0.16659981709836433,0.06388377245099942,0.11428571428571428,0.2649605284427344,0.3142857142857143,0.06388765649999399,0.2857142857142857,0.42857142857142855,0.7714285714285715,0.16288220358559116,0.5714285714285714,1.0,0.32261912089753697,0.0043778923259101925,0.317830165793237,0.3267596029310771,0.31967281679326565,0.006139249419477919,0.31049956762879893,0.32638288677614524,0.3679179302942405,0.005652997858852584,0.3583744691340258,0.3725117723054165,0.47925423001063,0.004501443373940251,0.4751526556223061,0.4854866974936081,63.04098594841446,1.4939682001351793,60.63354037267081,64.38513513513513,0.4227184385995292,0.02214661661840548,0.3983050847457627,0.4536082474226804,1.4640754733609789,0.021811876901213667,1.4310344827586208,1.4915254237288136,1.4640754733609789,0.021811876901213667,1.4310344827586208,1.4915254237288136,8.0,0.0,8,8,8.0,0.0,8,8,5.292040908268627,0.14883455376029564,5.137931034482759,5.523809523809524,10.4,0.547722557505166,10,11,17.212716180371352,0.3872394540983004,16.8,17.634615384615383,19.8,1.0954451150103324,19.0,21.0,46.2,2.683281572999748,43.0,49.0,8.510312092876514,0.5594639242368188,7.661551735777811,9.163499505286778,0.32240159593480716,0.016360888900711242,0.30074786008941357,0.3397589783857693,0.4185139696418704,0.0014738196176148034,0.4161729857819905,0.4201469985658677,0.9355642197684759,0.02230052395986313,0.9047336746388583,0.9611951398891327,1.0,0.0,1.0,1.0,0.5499869890314333,0.0009952902345705813,0.5484727964905204,0.551154458598726,0.9991481708904051,0.0014390683181573676,0.9973464461868282,1.0013316943249335,30.8,1.4404860290887933,29.0,32.0,30.8,1.4404860290887933,29.0,32.0,3.5,0.0,3.5,3.5,3.5,0.0,3.5,3.5,0.9355642197684759,0.02230052395986313,0.9047336746388583,0.9611951398891327
CORE,S,CF3,8.0,0.0,8,8,58.6,3.6469165057620936,56,65,7.0,0.0,7,7,2.0,0.0,2,2,2.0,0.0,2,2,5.0,0.0,5,5,82.4,6.767569726275452,75,93,0.4845131063733604,0.008340924377181431,0.47117794486215536,0.4926108374384236,0.42857142857142855,0.0,0.42857142857142855,0.42857142857142855,0.0,0.0,0.0,0.0,0.0,0.0,0.0,0.0,0.4,0.06388765649999398,0.2857142857142857,0.42857142857142855,0.5714285714285714,0.0,0.5714285714285714,0.5714285714285714,0.6571428571428571,0.0,0.6571428571428571,0.6571428571428571,0.0,0.0,0.0,0.0,0.17093320438835596,0.04746377303788963,0.09035079029052516,0.20603150145508511,0.6571428571428571,0.0,0.6571428571428571,0.6571428571428571,0.7142857142857143,0.0,0.7142857142857143,0.7142857142857143,0.1593108161595373,0.030465407312515038,0.14568627181693672,0.2138089935299395,0.4,0.06388765649999398,0.2857142857142857,0.42857142857142855,0.8571428571428571,0.0,0.8571428571428571,0.8571428571428571,0.32543453203285383,0.0020070147110784783,0.322768124058377,0.32841328290909266,0.325476021927653,0.006265787644108968,0.31982029161569925,0.33542958617879715,0.36716859051949613,0.0022361701658864673,0.3640668881740154,0.369819603100155,0.41770550195675105,0.0030912949511627936,0.4146008844848066,0.42234526465000827,62.54906284423306,4.466145286198495,55.972972972972975,68.18974358974359,0.42914227143666894,0.02454135586781897,0.3924050632911392,0.45901639344262296,1.4052511583999787,0.05033223098525815,1.3392857142857142,1.4736842105263157,1.4052511583999787,0.05033223098525815,1.3392857142857142,1.4736842105263157,8.0,0.0,8,8,8.0,0.0,8,8,5.298173617066539,0.22496594863190136,5.035714285714286,5.584615384615384,9.2,0.44721359549995804,9,10,18.78000467478379,1.5607818376103324,16.285714285714285,20.54320987654321,20.2,1.9235384061671343,18.0,23.0,43.0,4.0620192023179795,36.0,46.0,8.525266030226406,1.150563279860772,6.536696035592323,9.36097345466939,0.32408584886545333,0.02603177103177676,0.28148451827909526,0.34882483636692396,0.4191286635511931,0.003061709148523133,0.41488277268093776,0.4231221367447489,0.9185014872437037,0.02548489344295434,0.8863292295616482,0.9462871041663505,1.0,0.0,1.0,1.0,0.550020565138191,0.0006254006561988742,0.5494777957434008,0.5510978082832853,1.001658136135397,0.002123382938125868,0.9992067324273988,1.0048283648418168,29.3,1.8234582528810468,28.0,32.5,29.3,1.8234582528810468,28.0,32.5,3.5,0.0,3.5,3.5,3.5,0.0,3.5,3.5,0.9185014872437037,0.02548489344295434,0.8863292295616482,0.9462871041663505
DEV,L,CF1,22.0,0.0,22,22,181.0,1.4142135623730951,180,182,15.0,0.0,15,15,2.0,0.0,2,2,2.0,0.0,2,2,8.0,0.0,8,8,269.5,3.5355339059327378,267,272,0.2244912494912495,0.0005899751328581103,0.2240740740740741,0.22490842490842491,0.2,0.0,0.2,0.2,0.0,0.0,0.0,0.0,0.0,0.0,0.0,0.0,0.2,0.0,0.2,0.2,0.26666666666666666,0.0,0.26666666666666666,0.26666666666666666,0.35,0.0,0.35,0.35,0.0,0.0,0.0,0.0,0.12841791156925064,0.03441433775406562,0.10408329997330663,0.15275252316519466,0.35,0.0,0.35,0.35,0.35,0.023570226039551636,0.3333333333333333,0.3666666666666667,0.09534292017587526,0.012360763649819265,0.08660254037844387,0.10408329997330663,0.2,0.0,0.2,0.2,0.5,0.04714045207910316,0.4666666666666667,0.5333333333333333,0.3282766833974482,0.0012466762923620707,0.3273951501371745,0.32915821665772194,0.3310622419293623,0.0017435530933159011,0.32982936371371985,0.3322951201450048,0.3705893818479492,0.007106374933572849,0.3655644159427658,0.3756143477531327,0.41359800481835307,0.0010055295649732516,0.4128869880442769,0.4143090215924292,63.259555280372574,0.21965671496551656,63.1042345276873,63.41487603305785,0.4022516019214145,0.0015155574051578815,0.40117994100294985,0.4033232628398791,1.488919413919414,0.007899910925344185,1.4833333333333334,1.4945054945054945,1.488919413919414,0.007899910925344185,1.4833333333333334,1.4945054945054945,22.0,0.0,22,22,22.0,0.0,22,22,13.251709401709402,0.08400670306404379,13.192307692307692,13.311111111111112,25.0,1.4142135623730951,24,26,18.259933035714283,0.5112318893444707,17.8984375,18.62142857142857,19.25,2.4748737341529163,17.5,21.0,51.5,0.7071067811865476,51.0,52.0,10.631212109636369,1.2003801627415662,9.782415156559997,11.480009062712742,0.39938018313127044,0.04548958732968098,0.3672141874570754,0.43154617880546553,0.42082171215428776,0.0018803265950832046,0.419492120468059,0.42215130384051647,0.9605232169284865,0.010670327807532519,0.9529781557782968,0.9680682780786761,1.0,0.0,1.0,1.0,0.5500028978873912,0.00027339685447326756,0.549809577117638,0.5501962186571443,0.998791409884038,0.002120820324577935,0.9972917634508508,1.0002910563172254,90.5,0.7071067811865476,90.0,91.0,90.5,0.7071067811865476,90.0,91.0,7.5,0.0,7.5,7.5,7.5,0.0,7.5,7.5,0.9605232169284865,0.010670327807532519,0.9529781557782968,0.9680682780786761
DEV,L,CF2,22.0,0.0,22,22,191.5,3.5355339059327378,189,194,15.0,0.0,15,15,2.0,0.0,2,2,2.0,0.0,2,2,8.0,0.0,8,8,283.5,4.949747468305833,280,287,0.3585110638375243,0.006673923709775393,0.35379188712522047,0.36323024054982816,0.3333333333333333,0.0,0.3333333333333333,0.3333333333333333,0.0,0.0,0.0,0.0,0.0,0.0,0.0,0.0,0.3333333333333333,0.0,0.3333333333333333,0.3333333333333333,0.4,0.0,0.4,0.4,0.5,0.0,0.5,0.5,0.0,0.0,0.0,0.0,0.14876908409077444,0.03960874361700336,0.12076147288491199,0.1767766952966369,0.5,0.0,0.5,0.5,0.48333333333333334,0.02357022603955158,0.4666666666666667,0.5,0.09610190888564296,0.020438569078094583,0.0816496580927726,0.11055415967851331,0.3333333333333333,0.0,0.3333333333333333,0.3333333333333333,0.6333333333333333,0.04714045207910316,0.6,0.6666666666666666,0.32451809355958505,0.0018839166094831124,0.3231859633498296,0.32585022376934053,0.3242408506780947,0.003576239491859289,0.32171206748225384,0.32676963387393554,0.36773811766358766,0.0032699656565051364,0.3654259027736258,0.3700503325535496,0.3666317005076638,0.0038626574838196916,0.36390038920745393,0.3693630118078737,61.91121715270461,2.2756441836987915,60.30209371884347,63.52034058656575,0.375359811232772,0.006447085167803032,0.3708010335917313,0.37991858887381275,1.4804314623902253,0.0014849512396050873,1.4793814432989691,1.4814814814814814,1.4804314623902253,0.0014849512396050873,1.4793814432989691,1.4814814814814814,22.0,0.0,22,22,22.0,0.0,22,22,13.039246168112147,0.5568374297709159,12.645502645502646,13.43298969072165,26.0,1.4142135623730951,25,27,20.079717118693495,0.9924446794448829,19.37795275590551,20.78148148148148,20.5,0.7071067811865476,20.0,21.0,51.0,2.8284271247461903,49.0,53.0,9.555785856456644,0.15091780773419475,9.449070851205986,9.6625008617073,0.36703367454088376,0.007637097752033593,0.36163343093183625,0.3724339181499312,0.4206857728252257,6.803752834341156e-05,0.4206376630275589,0.4207338826228925,0.9466550255525978,0.011857020566840348,0.9382708459051167,0.955039205200079,1.0,0.0,1.0,1.0,0.5504624365203139,0.0002449268527712573,0.5502892470818246,0.5506356259588031,0.9989933703318862,0.0009707275665080549,0.9983069622869236,0.9996797783768487,95.75,1.7677669529663689,94.5,97.0,95.75,1.7677669529663689,94.5,97.0,7.5,0.0,7.5,7.5,7.5,0.0,7.5,7.5,0.9466550255525978,0.011857020566840348,0.9382708459051167,0.955039205200079
DEV,L,CF3,22.0,0.0,22,22,185.0,12.727922061357855,176,194,15.0,0.0,15,15,2.0,0.0,2,2,2.0,0.0,2,2,8.0,0.0,8,8,275.0,26.870057685088806,256,294,0.4982251640112465,0.004453933294493511,0.49507575757575756,0.5013745704467354,0.5,0.04714045207910316,0.4666666666666667,0.5333333333333333,0.0,0.0,0.0,0.0,0.0,0.0,0.0,0.0,0.4666666666666667,0.0,0.4666666666666667,0.4666666666666667,0.5333333333333333,0.0,0.5333333333333333,0.5333333333333333,0.65,0.0,0.65,0.65,0.0,0.0,0.0,0.0,0.13457347861330948,0.005473363483844286,0.13070322617798436,0.13844373104863458,0.65,0.0,0.65,0.65,0.6499999999999999,0.02357022603955154,0.6333333333333333,0.6666666666666666,0.08157552607755861,0.024078122419075764,0.0645497224367903,0.09860132971832693,0.5333333333333333,0.09428090415820632,0.4666666666666667,0.6,0.8,0.0,0.8,0.8,0.3240593574932519,0.0023613276659129297,0.3223896466880814,0.3257290682984223,0.3211557629430184,0.0035304306093983905,0.31865937151860424,0.32365215436743255,0.3688896283476548,0.0031866010566421374,0.36663636113156695,0.3711428955637427,0.34348121073837246,0.003436520485123181,0.34105122379965536,0.3459111976770895,61.395097993458535,1.598815416775934,60.26456477039068,62.5256312165264,0.39003842563972024,0.012325533672088168,0.38132295719844356,0.3987538940809969,1.4850046860356139,0.04307585827284491,1.4545454545454546,1.5154639175257731,1.4850046860356139,0.04307585827284491,1.4545454545454546,1.5154639175257731,22.0,0.0,22,22,22.0,0.0,22,22,13.200796626054359,0.10172529607510454,13.128865979381443,13.272727272727273,25.5,0.7071067811865476,25,26,20.964963560761873,0.4531335383193925,20.644549763033176,21.285377358490567,20.5,0.7071067811865476,20.0,21.0,51.0,1.4142135623730951,50.0,52.0,9.919245584916375,0.4235780803761949,9.619730651920388,10.218760517912363,0.38614817422517955,0.024532956842679643,0.3688007540791639,0.40349559437119525,0.41870498541930357,0.0021708547769490644,0.4171699592855517,0.42024001155305546,0.9709093791143029,0.009011024229677186,0.9645376227760618,0.9772811354525438,1.0,0.0,1.0,1.0,0.5501755138138047,0.0009204742363825636,0.549524640239351,0.5508263873882583,0.9992393546624234,0.002003860562562441,0.9978224112700832,1.0006562980547635,92.5,6.363961030678928,88.0,97.0,92.5,6.363961030678928,88.0,97.0,7.5,0.0,7.5,7.5,7.5,0.0,7.5,7.5,0.9709093791143029,0.009011024229677186,0.9645376227760618,0.9772811354525438
DEV,M,CF1,15.0,0.0,15,15,122.0,2.8284271247461903,120,124,10.0,0.0,10,10,2.0,0.0,2,2,2.0,0.0,2,2,6.0,0.0,6,6,176.0,2.8284271247461903,174,178,0.22455645161290322,0.0029082617613317824,0.2225,0.22661290322580646,0.2,0.0,0.2,0.2,0.0,0.0,0.0,0.0,0.0,0.0,0.0,0.0,0.2,0.0,0.2,0.2,0.3,0.0,0.3,0.3,0.35,0.0,0.35,0.35,0.0,0.0,0.0,0.0,0.12755519885765063,0.015398709898825544,0.11666666666666667,0.13844373104863458,0.35,0.0,0.35,0.35,0.35,0.0,0.35,0.35,0.12583057392117916,0.0,0.12583057392117916,0.12583057392117916,0.2,0.0,0.2,0.2,0.5,0.0,0.5,0.5,0.32289288721125,0.0013656686928980443,0.3219272136176476,0.3238585608048523,0.32134255402421524,0.004469955495396681,0.3181818181818182,0.3245032898666123,0.3664673988447977,0.0010669580237051377,0.3657129455909944,0.367221852098601,0.4933195140015705,0.0008466929122469847,0.49272081170173804,0.49391821630140287,61.5700547802791,0.8697393616729714,60.95505617977528,62.18505338078292,0.39295328109110483,0.006091007746058625,0.388646288209607,0.3972602739726027,1.442741935483871,0.0102644532752886,1.435483870967742,1.45,1.442741935483871,0.0102644532752886,1.435483870967742,1.45,15.0,0.0,15,15,15.0,0.0,15,15,9.203629032258064,0.2423551467776461,9.03225806451613,9.375,17.5,0.7071067811865476,17,18,14.972388955582232,0.5381821119715147,14.591836734693878,15.352941176470589,17.5,0.7071067811865476,17.0,18.0,43.0,2.8284271247461903,41.0,45.0,8.142970233666626,0.30696027179925583,7.925916543922506,8.360023923410745,0.3153464864972604,0.007015833605997025,0.31038554297878346,0.32030743001573736,0.4193209653797313,0.0005572563879487253,0.4189269256089532,0.41971500515050936,0.9642064394977375,0.0016860857255129365,0.9630141968475655,0.9653986821479096,1.0,0.0,1.0,1.0,0.5493364532529112,0.0008312145342128369,0.5487486958191485,0.549924210686674,1.0000787038966124,0.000228612155432408,0.9999170506912443,1.0002403571019802,61.0,1.4142135623730951,60.0,62.0,61.0,1.4142135623730951,60.0,62.0,5.0,0.0,5.0,5.0,5.0,0.0,5.0,5.0,0.9642064394977375,0.0016860857255129365,0.9630141968475655,0.9653986821479096
DEV,M,CF2,15.0,0.0,15,15,121.5,10.606601717798213,114,129,10.0,0.0,10,10,2.0,0.0,2,2,2.0,0.0,2,2,6.0,0.0,6,6,175.5,14.849242404917497,165,186,0.3491636066911465,0.005019852302181118,0.3456140350877193,0.35271317829457366,0.35,0.07071067811865477,0.3,0.4,0.0,0.0,0.0,0.0,0.0,0.0,0.0,0.0,0.3,0.0,0.3,0.3,0.4,0.0,0.4,0.4,0.5,0.0,0.5,0.5,0.0,0.0,0.0,0.0,0.18193466305166028,0.021592207557921333,0.16666666666666669,0.19720265943665388,0.5,0.0,0.5,0.5,0.5,0.0,0.5,0.5,0.09082482904638628,0.012975651199692175,0.08164965809277258,0.09999999999999998,0.4,0.0,0.4,0.4,0.6499999999999999,0.0707106781186547,0.6,0.7,0.3281333633558093,0.0014738524997023432,0.327091192258801,0.32917553445281755,0.32769460392256106,0.003897421145414338,0.32493871100149874,0.3304504968436234,0.368325013117923,0.0018690726333089472,0.36700337918438003,0.36964664705146594,0.40892915572513405,0.003721575312481512,0.40629760458498193,0.4115607068652862,64.63089473977799,0.9419504842325965,63.964835164835165,65.29695431472081,0.39624067805238106,0.03949028224896337,0.3683168316831683,0.4241645244215938,1.4446144430844554,0.0038947129930715953,1.441860465116279,1.4473684210526316,1.4446144430844554,0.0038947129930715953,1.441860465116279,1.4473684210526316,15.0,0.0,15,15,15.0,0.0,15,15,9.437678498572012,0.4106758478249887,9.147286821705427,9.728070175438596,19.0,0.0,19,19,19.08346153846154,0.3443066096085265,18.84,19.326923076923077,22.0,2.8284271247461903,20.0,24.0,47.5,0.7071067811865476,47.0,48.0,9.325193067937988,0.1597221442261162,9.212252456650045,9.43813367922593,0.3449156548947686,0.00814318560869497,0.3391575531303997,0.3506737566591375,0.4183729555344368,0.003385555650229064,0.4159790061760754,0.4207669048927982,0.9377554491609915,0.0020848028389361868,0.9362812709361428,0.9392296273858403,1.0,0.0,1.0,1.0,0.5497221849414398,0.00023578996585573282,0.5495554562576475,0.5498889136252322,1.0010798776018879,0.0014612135329239379,1.0000466436039959,1.0021131115997801,60.75,5.303300858899107,57.0,64.5,60.75,5.303300858899107,57.0,64.5,5.0,0.0,5.0,5.0,5.0,0.0,5.0,5.0,0.9377554491609915,0.0020848028389361868,0.9362812709361428,0.9392296273858403
DEV,M,CF3,15.0,0.0,15,15,117.5,10.606601717798213,110,125,10.0,0.0,10,10,2.0,0.0,2,2,2.0,0.0,2,2,6.0,0.0,6,6,171.0,16.97056274847714,159,183,0.5307272727272727,0.007456762419785474,0.5254545454545454,0.536,0.5,0.0,0.5,0.5,0.0,0.0,0.0,0.0,0.0,0.0,0.0,0.0,0.5,0.0,0.5,0.5,0.6,0.0,0.6,0.6,0.65,0.0,0.65,0.65,0.0,0.0,0.0,0.0,0.1453358875742546,0.040544401030181136,0.11666666666666668,0.17400510848184253,0.65,0.0,0.65,0.65,0.625,0.03535533905932737,0.6,0.6499999999999999,0.12287135538781692,0.038365697139349134,0.09574271077563382,0.15000000000000002,0.5,0.0,0.5,0.5,0.8500000000000001,0.0707106781186547,0.8,0.9,0.32551240976427653,0.001991521989068173,0.3241041910609243,0.32692062846762876,0.3237263942598469,1.0359208708356262e-07,0.32372632100917964,0.32372646751051415,0.36933497059343035,0.006566477815558304,0.36469176960153804,0.37397817158532265,0.3664776498492102,0.0018009765430425757,0.3652041671228669,0.36775113257555353,61.89492072509425,0.5205084482924213,61.526865671641794,62.26297577854671,0.40954571592869465,0.028544506060549524,0.3893617021276596,0.4297297297297297,1.4547272727272729,0.013113616669277623,1.4454545454545455,1.464,1.4547272727272729,0.013113616669277623,1.4454545454545455,1.464,15.0,0.0,15,15,15.0,0.0,15,15,9.250727272727271,0.8559848998436436,8.645454545454545,9.856,18.0,1.4142135623730951,17,19,19.67455355398382,0.26937532764595506,19.484076433121018,19.865030674846626,22.5,0.7071067811865476,22.0,23.0,44.5,0.7071067811865476,44.0,45.0,8.579717579235894,0.41892235570264,8.283494740727914,8.875940417743873,0.32980258486774716,0.017796651252487927,0.31721845208470084,0.3423867176507934,0.4203684774784804,0.0013739226611848023,0.4193969674479307,0.42133998750903,0.8950177440837149,0.023656769169796574,0.8782898821827869,0.9117456059846429,1.0,0.0,1.0,1.0,0.5503851065353705,0.0002811297309943052,0.5501863177961913,0.5505838952745498,1.000485323172963,0.00015460109930997195,1.000376003687262,1.000594642658664,58.75,5.303300858899107,55.0,62.5,58.75,5.303300858899107,55.0,62.5,5.0,0.0,5.0,5.0,5.0,0.0,5.0,5.0,0.8950177440837149,0.023656769169796574,0.8782898821827869,0.9117456059846429
DEV,S,CF1,8.0,0.0,8,8,64.0,0.0,64,64,7.0,0.0,7,7,2.0,0.0,2,2,2.0,0.0,2,2,5.0,0.0,5,5,91.5,2.1213203435596424,90,93,0.2857142857142857,0.0,0.2857142857142857,0.2857142857142857,0.2857142857142857,0.0,0.2857142857142857,0.2857142857142857,0.0,0.0,0.0,0.0,0.0,0.0,0.0,0.0,0.2857142857142857,0.0,0.2857142857142857,0.2857142857142857,0.2857142857142857,0.0,0.2857142857142857,0.2857142857142857,0.35714285714285715,0.02020305089104422,0.34285714285714286,0.37142857142857144,0.0,0.0,0.0,0.0,0.14414972700634127,0.07608318594475905,0.09035079029052513,0.19794866372215741,0.3571428571428571,0.0202030508910442,0.34285714285714286,0.3714285714285714,0.2857142857142857,0.0,0.2857142857142857,0.2857142857142857,0.0921355677540454,0.03132503763363751,0.06998542122237651,0.11428571428571428,0.2857142857142857,0.0,0.2857142857142857,0.2857142857142857,0.5,0.10101525445522105,0.42857142857142855,0.5714285714285714,0.32691284499980555,0.004084222134351292,0.3240248638327336,0.32980082616687756,0.3270093839249286,0.008943415021127249,0.32068543451652387,0.3333333333333333,0.37154406037000975,0.0041803299142883135,0.3685881207400195,0.3745,0.5082028679000455,0.0046089916337993435,0.504943818661354,0.5114619171387371,64.625,1.9003494744388465,63.28125,65.96875,0.39522298936368727,0.0055417960085529005,0.391304347826087,0.39914163090128757,1.4296875,0.03314563036811941,1.40625,1.453125,1.4296875,0.03314563036811941,1.40625,1.453125,8.0,0.0,8,8,8.0,0.0,8,8,5.3046875,0.14363106492851746,5.203125,5.40625,11.0,1.4142135623730951,10,12,14.085777126099707,2.1140626493245893,12.590909090909092,15.580645161290322,7.0,9.899494936611665,0.0,14.0,42.5,0.7071067811865476,42.0,43.0,9.756041070409056,1.7855570990232486,8.493461537493937,11.018620603324175,0.3571553271146809,0.05745781439298961,0.3165265169252399,0.3977841373041218,0.4219643528996653,0.002925398208688046,0.419895783988631,0.42403292181069957,0.9022685564141948,0.023322852498223887,0.8857768092560871,0.9187603035723025,1.0,0.0,1.0,1.0,0.5498331491131112,0.0018073111897688756,0.5485551871151113,0.5511111111111111,0.9991663721649511,0.00031759449792759784,0.9989417989417989,0.9993909453881031,32.0,0.0,32.0,32.0,32.0,0.0,32.0,32.0,3.5,0.0,3.5,3.5,3.5,0.0,3.5,3.5,0.9022685564141948,0.023322852498223887,0.8857768092560871,0.9187603035723025
DEV,S,CF2,8.0,0.0,8,8,57.5,2.1213203435596424,56,59,7.0,0.0,7,7,2.0,0.0,2,2,2.0,0.0,2,2,5.0,0.0,5,5,81.0,2.8284271247461903,79,83,0.36259079903147695,0.007704553305906694,0.3571428571428571,0.3680387409200968,0.3928571428571428,0.050507627227610534,0.3571428571428571,0.42857142857142855,0.0,0.0,0.0,0.0,0.0,0.0,0.0,0.0,0.2857142857142857,0.0,0.2857142857142857,0.2857142857142857,0.42857142857142855,0.0,0.42857142857142855,0.42857142857142855,0.5142857142857143,0.0,0.5142857142857143,0.5142857142857143,0.0,0.0,0.0,0.0,0.17782126774203313,0.045445747064075497,0.14568627181693672,0.20995626366712955,0.5142857142857142,0.0,0.5142857142857142,0.5142857142857142,0.5714285714285714,0.0,0.5714285714285714,0.5714285714285714,0.06998542122237651,0.0,0.06998542122237651,0.06998542122237651,0.42857142857142855,0.0,0.42857142857142855,0.42857142857142855,0.5714285714285714,0.0,0.5714285714285714,0.5714285714285714,0.32574440459617093,0.0050592061937901655,0.3221670055891209,0.32932180360322094,0.32886244839657053,0.006322786113379452,0.3243915634598078,0.3333333333333333,0.36521282217412554,0.0008441417521092296,0.3646159238169264,0.3658097205313247,0.46677135218483934,0.010117333772034234,0.4596173168671062,0.4739253875025724,61.70657894736842,1.1406748864930372,60.9,62.51315789473684,0.43044286680189314,0.03334732791599846,0.4068627450980392,0.4540229885057471,1.4087469733656175,0.0027821998049107986,1.4067796610169492,1.4107142857142858,1.4087469733656175,0.0027821998049107986,1.4067796610169492,1.4107142857142858,8.0,0.0,8,8,8.0,0.0,8,8,5.00453995157385,0.24611767504979729,4.830508474576271,5.178571428571429,9.5,0.7071067811865476,9,10,16.987037037037034,0.1230889582065484,16.9,17.074074074074073,19.5,0.7071067811865476,19.0,20.0,45.5,0.7071067811865476,45.0,46.0,8.777438847376436,0.10027649364258029,8.706532658728158,8.848345036024714,0.3376016863000343,0.01115367616628756,0.32971484624769354,0.345488526352375,0.42147738387958233,0.0013204334884897998,0.4205436964057654,0.4224110713533993,0.9501471443895432,0.003971761053371582,0.9473386852154515,0.9529556035636348,1.0,0.0,1.0,1.0,0.5495983161353293,0.0004043501917875716,0.5493123973727422,0.5498842348979163,1.0007006438833599,0.0003273772943580342,1.0004691531785128,1.000932134588207,28.75,1.0606601717798212,28.0,29.5,28.75,1.0606601717798212,28.0,29.5,3.5,0.0,3.5,3.5,3.5,0.0,3.5,3.5,0.9501471443895432,0.003971761053371582,0.9473386852154515,0.9529556035636348
DEV,S,CF3,8.0,0.0,8,8,60.5,0.7071067811865476,60,61,7.0,0.0,7,7,2.0,0.0,2,2,2.0,0.0,2,2,5.0,0.0,5,5,86.0,0.0,86,86,0.4877244340359094,0.020727447020729803,0.4730679156908665,0.5023809523809524,0.5,0.10101525445522108,0.42857142857142855,0.5714285714285714,0.0,0.0,0.0,0.0,0.0,0.0,0.0,0.0,0.42857142857142855,0.0,0.42857142857142855,0.42857142857142855,0.5714285714285714,0.0,0.5714285714285714,0.5714285714285714,0.6571428571428571,0.0,0.6571428571428571,0.6571428571428571,0.0,0.0,0.0,0.0,0.11516081636763911,0.0350866753610847,0.09035079029052516,0.13997084244475305,0.6571428571428571,0.0,0.6571428571428571,0.6571428571428571,0.6428571428571428,0.10101525445522115,0.5714285714285714,0.7142857142857143,0.1299859930513255,0.022203547163365707,0.11428571428571428,0.14568627181693672,0.5,0.10101525445522108,0.42857142857142855,0.5714285714285714,0.8571428571428571,0.0,0.8571428571428571,0.8571428571428571,0.3268691331542989,0.0031805828547030687,0.32462012144961266,0.32911814485898505,0.3278531141280611,0.004556516050311188,0.32463117073030073,0.3310750575258215,0.3705059676226466,0.0024969018582581062,0.368740391386715,0.3722715438585782,0.41371276050194117,0.009553974979931582,0.4069570800063449,0.4204684409975374,63.73893763783961,0.9712888557868624,63.052132701421804,64.42574257425743,0.42266821233637636,0.007343281551229673,0.4174757281553398,0.42786069651741293,1.421584699453552,0.016615077372142923,1.4098360655737705,1.4333333333333333,1.421584699453552,0.016615077372142923,1.4098360655737705,1.4333333333333333,8.0,0.0,8,8,8.0,0.0,8,8,5.620491803278689,0.1124415701231069,5.540983606557377,5.7,11.0,0.0,11,11,18.835771823113596,0.26898653487845875,18.645569620253166,19.025974025974026,21.0,1.4142135623730951,20.0,22.0,48.0,2.8284271247461903,46.0,50.0,9.01288590966548,0.38861556169363176,8.738093210717294,9.287678608613666,0.3372731230160164,0.0071719641271287375,0.332201778547297,0.3423444674847358,0.41913550544911093,0.0027771048071346806,0.41717179580792024,0.4210992150903016,0.9358500326353354,0.021572829538290577,0.9205957385794287,0.9511043266912421,1.0,0.0,1.0,1.0,0.5502277620550827,0.0012777089601610655,0.54932428538497,0.5511312387251954,1.0001749695836801,0.0001853479977360355,1.0000439087576016,1.0003060304097586,30.25,0.3535533905932738,30.0,30.5,30.25,0.3535533905932738,30.0,30.5,3.5,0.0,3.5,3.5,3.5,0.0,3.5,3.5,0.9358500326353354,0.021572829538290577,0.9205957385794287,0.9511043266912421
SENS,M,CF2,15.0,0.0,15,15,123.0,6.918355033072273,111,130,10.0,0.0,10,10,2.0,0.0,2,2,2.0,0.0,2,2,6.0,0.0,6,6,176.6,8.05492508852927,165,184,0.34874427455923523,0.004996601059893486,0.34144144144144145,0.35590551181102364,0.34,0.04954336943068626,0.3,0.4,0.0,0.0,0.0,0.0,0.0,0.0,0.0,0.0,0.3,0.0,0.3,0.3,0.4,0.0,0.4,0.4,0.5,0.0,0.5,0.5,0.0,0.0,0.0,0.0,0.1866796859449269,0.043112239481712666,0.12909944487358055,0.2472066162365221,0.5,0.0,0.5,0.5,0.5,0.0,0.5,0.5,0.08363081100704109,0.01862606632927101,0.05773502691896256,0.11547005383792515,0.38,0.04045199174779454,0.3,0.4,0.62,0.04045199174779449,0.6,0.7,0.32521491639800915,0.0017715663142477286,0.32187685396469173,0.3268952406288025,0.32391008569276314,0.003249688894300093,0.31807963010395834,0.32713317321034935,0.36966820970633546,0.002898397171804829,0.36615559847225687,0.37329783758672874,0.41309176564580863,0.0028794754759736254,0.4098601255933566,0.4171987999704042,62.21307001452796,1.4619068948458642,60.81194690265487,64.81861575178998,0.38854443693771645,0.02992280287794201,0.3588235294117647,0.444743935309973,1.436880378258331,0.02960426664028773,1.4076923076923078,1.4864864864864864,1.436880378258331,0.02960426664028773,1.4076923076923078,1.4864864864864864,15.0,0.0,15,15,15.0,0.0,15,15,9.1211533277675,0.14832374528697725,8.9009009009009,9.31496062992126,17.6,0.8090398349558892,16,18,21.547311781509897,11.698651413262896,8.729166666666666,38.78846153846154,22.366666666666667,12.42221250970871,8.0,44.0,55.333333333333336,30.0786846907785,22.0,102.0,10.67447450198204,5.824162488706569,4.159895350580479,20.113356623951404,0.3518914727019598,0.026146226836385476,0.3134246528136236,0.3907445804620889,0.4887566463976753,0.2643852728897716,0.20847816902208666,0.8411425345976224,0.9593691091636555,0.012552451673678171,0.9428834689880079,0.9770602035288649,1.0,0.0,1.0,1.0,0.6415900851721325,0.3469277980987392,0.2736575308723627,1.1013494884283388,1.1673919727088748,0.6319207059570512,0.49680445555037905,2.0077670992109495,61.5,3.4591775165361365,55.5,65.0,61.5,3.4591775165361365,55.5,65.0,5.0,0.0,5.0,5.0,5.0,0.0,5.0,5.0,0.9593691091636555,0.012552451673678171,0.9428834689880079,0.9770602035288649
