family,instance_id,number_of_products,number_of_operations,number_of_islands,number_of_W_AGVs,number_of_F_AGVs,number_of_configurations,number_of_precedence_edges,F_route_mean,F_route_median,R_full_op,R_high_op,F_route_min,F_route_max,F_cap_mean,R_full_island,capability_heterogeneity,capability_selectivity_mean,capability_selectivity_median,capability_selectivity_std,capability_selectivity_min,capability_selectivity_max,processing_CV_mean,processing_CV_median,processing_CV_p90,processing_min_max_ratio_mean,mean_processing_time,precedence_edge_density,mean_predecessor_count,mean_successor_count,number_of_source_operations,number_of_sink_operations,mean_ready_set_size,max_ready_set_size,mean_reconfiguration_time,median_reconfiguration_time,maximum_reconfiguration_time,nonzero_reconfiguration_std,nonzero_reconfiguration_CV,RI,configuration_diversity_entropy,nonzero_offdiagonal_reconfiguration_ratio,W_transport_intensity,F_transport_intensity,operations_per_W_AGV,operations_per_F_AGV,islands_per_W_AGV,islands_per_F_AGV,suite,scale,CF_level,RI_level,TI_level,replicate,base_structure,configuration_entropy
Unknown,CB1_DEV_S_CF1_R01,8,64,7,2,2,5,90,0.2857142857142857,0.2857142857142857,0.0,0.0,0.2857142857142857,0.2857142857142857,0.34285714285714286,0.0,0.09035079029052513,0.34285714285714286,0.2857142857142857,0.06998542122237651,0.2857142857142857,0.42857142857142855,0.3240248638327336,0.32068543451652387,0.3685881207400195,0.5114619171387371,65.96875,0.391304347826087,1.40625,1.40625,8,8,5.203125,10,12.590909090909092,0.0,43.0,11.018620603324175,0.3977841373041218,0.419895783988631,0.8857768092560871,1.0,0.5485551871151113,0.9993909453881031,32.0,32.0,3.5,3.5,DEV,S,CF1,BASE,BASE,R01,,0.8857768092560871
Unknown,CB1_DEV_S_CF1_R02,8,64,7,2,2,5,93,0.2857142857142857,0.2857142857142857,0.0,0.0,0.2857142857142857,0.2857142857142857,0.37142857142857144,0.0,0.19794866372215741,0.3714285714285714,0.2857142857142857,0.11428571428571428,0.2857142857142857,0.5714285714285714,0.32980082616687756,0.3333333333333333,0.3745,0.504943818661354,63.28125,0.39914163090128757,1.453125,1.453125,8,8,5.40625,12,15.580645161290322,14.0,42.0,8.493461537493937,0.3165265169252399,0.42403292181069957,0.9187603035723025,1.0,0.5511111111111111,0.9989417989417989,32.0,32.0,3.5,3.5,DEV,S,CF1,BASE,BASE,R02,,0.9187603035723025
Unknown,CB1_DEV_S_CF2_R01,8,59,7,2,2,5,83,0.3680387409200968,0.42857142857142855,0.0,0.0,0.2857142857142857,0.42857142857142855,0.5142857142857143,0.0,0.14568627181693672,0.5142857142857142,0.5714285714285714,0.06998542122237651,0.42857142857142855,0.5714285714285714,0.32932180360322094,0.3333333333333333,0.3658097205313247,0.4596173168671062,62.51315789473684,0.4068627450980392,1.4067796610169492,1.4067796610169492,8,8,4.830508474576271,10,16.9,20.0,46.0,8.706532658728158,0.32971484624769354,0.4224110713533993,0.9529556035636348,1.0,0.5498842348979163,1.000932134588207,29.5,29.5,3.5,3.5,DEV,S,CF2,BASE,BASE,R01,,0.9529556035636348
Unknown,CB1_DEV_S_CF2_R02,8,56,7,2,2,5,79,0.3571428571428571,0.3571428571428571,0.0,0.0,0.2857142857142857,0.42857142857142855,0.5142857142857143,0.0,0.20995626366712955,0.5142857142857142,0.5714285714285714,0.06998542122237651,0.42857142857142855,0.5714285714285714,0.3221670055891209,0.3243915634598078,0.3646159238169264,0.4739253875025724,60.9,0.4540229885057471,1.4107142857142858,1.4107142857142858,8,8,5.178571428571429,9,17.074074074074073,19.0,45.0,8.848345036024714,0.345488526352375,0.4205436964057654,0.9473386852154515,1.0,0.5493123973727422,1.0004691531785128,28.0,28.0,3.5,3.5,DEV,S,CF2,BASE,BASE,R02,,0.9473386852154515
Unknown,CB1_DEV_S_CF3_R01,8,60,7,2,2,5,86,0.5023809523809524,0.5714285714285714,0.0,0.0,0.42857142857142855,0.5714285714285714,0.6571428571428571,0.0,0.13997084244475305,0.6571428571428571,0.5714285714285714,0.11428571428571428,0.5714285714285714,0.8571428571428571,0.32911814485898505,0.3310750575258215,0.3722715438585782,0.4069570800063449,63.052132701421804,0.42786069651741293,1.4333333333333333,1.4333333333333333,8,8,5.7,11,18.645569620253166,20.0,46.0,8.738093210717294,0.332201778547297,0.41717179580792024,0.9511043266912421,1.0,0.5511312387251954,1.0003060304097586,30.0,30.0,3.5,3.5,DEV,S,CF3,BASE,BASE,R01,,0.9511043266912421
Unknown,CB1_DEV_S_CF3_R02,8,61,7,2,2,5,86,0.4730679156908665,0.42857142857142855,0.0,0.0,0.42857142857142855,0.5714285714285714,0.6571428571428571,0.0,0.09035079029052516,0.6571428571428571,0.7142857142857143,0.14568627181693672,0.42857142857142855,0.8571428571428571,0.32462012144961266,0.32463117073030073,0.368740391386715,0.4204684409975374,64.42574257425743,0.4174757281553398,1.4098360655737705,1.4098360655737705,8,8,5.540983606557377,11,19.025974025974026,22.0,50.0,9.287678608613666,0.3423444674847358,0.4210992150903016,0.9205957385794287,1.0,0.54932428538497,1.0000439087576016,30.5,30.5,3.5,3.5,DEV,S,CF3,BASE,BASE,R02,,0.9205957385794287
Unknown,CB1_DEV_M_CF1_R01,15,120,10,2,2,6,174,0.2225,0.2,0.0,0.0,0.2,0.3,0.35,0.0,0.11666666666666667,0.35,0.35,0.12583057392117916,0.2,0.5,0.3238585608048523,0.3245032898666123,0.367221852098601,0.49391821630140287,60.95505617977528,0.3972602739726027,1.45,1.45,15,15,9.375,17,14.591836734693878,17.0,45.0,7.925916543922506,0.31038554297878346,0.4189269256089532,0.9630141968475655,1.0,0.549924210686674,0.9999170506912443,60.0,60.0,5.0,5.0,DEV,M,CF1,BASE,BASE,R01,,0.9630141968475655
Unknown,CB1_DEV_M_CF1_R02,15,124,10,2,2,6,178,0.22661290322580646,0.2,0.0,0.0,0.2,0.3,0.35,0.0,0.13844373104863458,0.35,0.35,0.12583057392117916,0.2,0.5,0.3219272136176476,0.3181818181818182,0.3657129455909944,0.49272081170173804,62.18505338078292,0.388646288209607,1.435483870967742,1.435483870967742,15,15,9.03225806451613,18,15.352941176470589,18.0,41.0,8.360023923410745,0.32030743001573736,0.41971500515050936,0.9653986821479096,1.0,0.5487486958191485,1.0002403571019802,62.0,62.0,5.0,5.0,DEV,M,CF1,BASE,BASE,R02,,0.9653986821479096
Unknown,CB1_DEV_M_CF2_R01,15,129,10,2,2,6,186,0.35271317829457366,0.4,0.0,0.0,0.3,0.4,0.5,0.0,0.16666666666666669,0.5,0.5,0.09999999999999998,0.4,0.7,0.32917553445281755,0.3304504968436234,0.36964664705146594,0.40629760458498193,63.964835164835165,0.3683168316831683,1.441860465116279,1.441860465116279,15,15,9.147286821705427,19,18.84,20.0,47.0,9.43813367922593,0.3506737566591375,0.4207669048927982,0.9362812709361428,1.0,0.5498889136252322,1.0021131115997801,64.5,64.5,5.0,5.0,DEV,M,CF2,BASE,BASE,R01,,0.9362812709361428
Unknown,CB1_DEV_M_CF2_R02,15,114,10,2,2,6,165,0.3456140350877193,0.3,0.0,0.0,0.3,0.4,0.5,0.0,0.19720265943665388,0.5,0.5,0.08164965809277258,0.4,0.6,0.327091192258801,0.32493871100149874,0.36700337918438003,0.4115607068652862,65.29695431472081,0.4241645244215938,1.4473684210526316,1.4473684210526316,15,15,9.728070175438596,19,19.326923076923077,24.0,48.0,9.212252456650045,0.3391575531303997,0.4159790061760754,0.9392296273858403,1.0,0.5495554562576475,1.0000466436039959,57.0,57.0,5.0,5.0,DEV,M,CF2,BASE,BASE,R02,,0.9392296273858403
Unknown,CB1_DEV_M_CF3_R01,15,110,10,2,2,6,159,0.5254545454545454,0.5,0.0,0.0,0.5,0.6,0.65,0.0,0.17400510848184253,0.65,0.6499999999999999,0.09574271077563382,0.5,0.8,0.32692062846762876,0.32372646751051415,0.37397817158532265,0.3652041671228669,62.26297577854671,0.4297297297297297,1.4454545454545455,1.4454545454545455,15,15,8.645454545454545,17,19.865030674846626,22.0,44.0,8.283494740727914,0.31721845208470084,0.4193969674479307,0.8782898821827869,1.0,0.5505838952745498,1.000594642658664,55.0,55.0,5.0,5.0,DEV,M,CF3,BASE,BASE,R01,,0.8782898821827869
Unknown,CB1_DEV_M_CF3_R02,15,125,10,2,2,6,183,0.536,0.5,0.0,0.0,0.5,0.6,0.65,0.0,0.11666666666666668,0.65,0.6,0.15000000000000002,0.5,0.9,0.3241041910609243,0.32372632100917964,0.36469176960153804,0.36775113257555353,61.526865671641794,0.3893617021276596,1.464,1.464,15,15,9.856,19,19.484076433121018,23.0,45.0,8.875940417743873,0.3423867176507934,0.42133998750903,0.9117456059846429,1.0,0.5501863177961913,1.000376003687262,62.5,62.5,5.0,5.0,DEV,M,CF3,BASE,BASE,R02,,0.9117456059846429
Unknown,CB1_DEV_L_CF1_R01,22,182,15,2,2,8,272,0.22490842490842491,0.2,0.0,0.0,0.2,0.26666666666666666,0.35,0.0,0.10408329997330663,0.35,0.3333333333333333,0.08660254037844387,0.2,0.4666666666666667,0.3273951501371745,0.3322951201450048,0.3655644159427658,0.4143090215924292,63.1042345276873,0.40117994100294985,1.4945054945054945,1.4945054945054945,22,22,13.192307692307692,24,17.8984375,21.0,52.0,9.782415156559997,0.3672141874570754,0.42215130384051647,0.9529781557782968,1.0,0.549809577117638,0.9972917634508508,91.0,91.0,7.5,7.5,DEV,L,CF1,BASE,BASE,R01,,0.9529781557782968
Unknown,CB1_DEV_L_CF1_R02,22,180,15,2,2,8,267,0.2240740740740741,0.2,0.0,0.0,0.2,0.26666666666666666,0.35,0.0,0.15275252316519466,0.35,0.3666666666666667,0.10408329997330663,0.2,0.5333333333333333,0.32915821665772194,0.32982936371371985,0.3756143477531327,0.4128869880442769,63.41487603305785,0.4033232628398791,1.4833333333333334,1.4833333333333334,22,22,13.311111111111112,26,18.62142857142857,17.5,51.0,11.480009062712742,0.43154617880546553,0.419492120468059,0.9680682780786761,1.0,0.5501962186571443,1.0002910563172254,90.0,90.0,7.5,7.5,DEV,L,CF1,BASE,BASE,R02,,0.9680682780786761
Unknown,CB1_DEV_L_CF2_R01,22,189,15,2,2,8,280,0.35379188712522047,0.3333333333333333,0.0,0.0,0.3333333333333333,0.4,0.5,0.0,0.12076147288491199,0.5,0.4666666666666667,0.11055415967851331,0.3333333333333333,0.6666666666666666,0.3231859633498296,0.32171206748225384,0.3654259027736258,0.3693630118078737,60.30209371884347,0.37991858887381275,1.4814814814814814,1.4814814814814814,22,22,12.645502645502646,25,19.37795275590551,20.0,49.0,9.449070851205986,0.3724339181499312,0.4207338826228925,0.9382708459051167,1.0,0.5502892470818246,0.9983069622869236,94.5,94.5,7.5,7.5,DEV,L,CF2,BASE,BASE,R01,,0.9382708459051167
Unknown,CB1_DEV_L_CF2_R02,22,194,15,2,2,8,287,0.36323024054982816,0.3333333333333333,0.0,0.0,0.3333333333333333,0.4,0.5,0.0,0.1767766952966369,0.5,0.5,0.0816496580927726,0.3333333333333333,0.6,0.32585022376934053,0.32676963387393554,0.3700503325535496,0.36390038920745393,63.52034058656575,0.3708010335917313,1.4793814432989691,1.4793814432989691,22,22,13.43298969072165,27,20.78148148148148,21.0,53.0,9.6625008617073,0.36163343093183625,0.4206376630275589,0.955039205200079,1.0,0.5506356259588031,0.9996797783768487,97.0,97.0,7.5,7.5,DEV,L,CF2,BASE,BASE,R02,,0.955039205200079
Unknown,CB1_DEV_L_CF3_R01,22,176,15,2,2,8,256,0.49507575757575756,0.4666666666666667,0.0,0.0,0.4666666666666667,0.5333333333333333,0.65,0.0,0.13844373104863458,0.65,0.6666666666666666,0.09860132971832693,0.4666666666666667,0.8,0.3223896466880814,0.31865937151860424,0.36663636113156695,0.3459111976770895,62.5256312165264,0.3987538940809969,1.4545454545454546,1.4545454545454546,22,22,13.272727272727273,25,21.285377358490567,20.0,50.0,9.619730651920388,0.3688007540791639,0.4171699592855517,0.9772811354525438,1.0,0.549524640239351,1.0006562980547635,88.0,88.0,7.5,7.5,DEV,L,CF3,BASE,BASE,R01,,0.9772811354525438
Unknown,CB1_DEV_L_CF3_R02,22,194,15,2,2,8,294,0.5013745704467354,0.5333333333333333,0.0,0.0,0.4666666666666667,0.5333333333333333,0.65,0.0,0.13070322617798436,0.65,0.6333333333333333,0.0645497224367903,0.6,0.8,0.3257290682984223,0.32365215436743255,0.3711428955637427,0.34105122379965536,60.26456477039068,0.38132295719844356,1.5154639175257731,1.5154639175257731,22,22,13.128865979381443,26,20.644549763033176,21.0,52.0,10.218760517912363,0.40349559437119525,0.42024001155305546,0.9645376227760618,1.0,0.5508263873882583,0.9978224112700832,97.0,97.0,7.5,7.5,DEV,L,CF3,BASE,BASE,R02,,0.9645376227760618
Unknown,CB1_CORE_S_CF1_R01,8,62,7,2,2,5,87,0.2857142857142857,0.2857142857142857,0.0,0.0,0.2857142857142857,0.2857142857142857,0.34285714285714286,0.0,0.20603150145508511,0.34285714285714286,0.2857142857142857,0.06998542122237651,0.2857142857142857,0.42857142857142855,0.3215943759005633,0.3174242424242424,0.3657547791694133,0.5141793452201555,63.82258064516129,0.4084507042253521,1.403225806451613,1.403225806451613,8,8,5.435483870967742,12,15.321428571428571,19.0,44.0,8.486892467210835,0.3165274579845533,0.42010993176648975,0.9490578725440902,1.0,0.5498641647712914,1.0072565796599156,31.0,31.0,3.5,3.5,CORE,S,CF1,BASE,BASE,R01,,0.9490578725440902
Unknown,CB1_CORE_S_CF1_R02,8,65,7,2,2,5,98,0.2857142857142857,0.2857142857142857,0.0,0.0,0.2857142857142857,0.2857142857142857,0.34285714285714286,0.0,0.13997084244475302,0.34285714285714286,0.2857142857142857,0.06998542122237651,0.2857142857142857,0.42857142857142855,0.32704989196098644,0.3258426966292135,0.3733501168854523,0.5081321758071514,64.84615384615384,0.41702127659574467,1.5076923076923077,1.5076923076923077,8,8,5.584615384615384,11,13.583333333333334,6.5,38.0,7.312470322826768,0.2691706867298197,0.4189402926057731,0.8711528896217989,1.0,0.5501000889679716,1.000169462802915,32.5,32.5,3.5,3.5,CORE,S,CF1,BASE,BASE,R02,,0.8711528896217989
Unknown,CB1_CORE_S_CF1_R03,8,61,7,2,2,5,90,0.2857142857142857,0.2857142857142857,0.0,0.0,0.2857142857142857,0.2857142857142857,0.34285714285714286,0.0,0.17612611437054218,0.34285714285714286,0.2857142857142857,0.06998542122237651,0.2857142857142857,0.42857142857142855,0.3254748450200563,0.323943661971831,0.36363636363636365,0.5095160456447607,60.36065573770492,0.430622009569378,1.4754098360655739,1.4754098360655739,8,8,5.065573770491803,10,13.653846153846153,12.0,37.0,9.185447674424575,0.36224300687871563,0.42009389307053624,0.93316878366641,1.0,0.5518909560021728,0.9975750756576395,30.5,30.5,3.5,3.5,CORE,S,CF1,BASE,BASE,R03,,0.93316878366641
Unknown,CB1_CORE_S_CF1_R04,8,62,7,2,2,5,86,0.2857142857142857,0.2857142857142857,0.0,0.0,0.2857142857142857,0.2857142857142857,0.34285714285714286,0.0,0.13997084244475302,0.34285714285714286,0.2857142857142857,0.06998542122237651,0.2857142857142857,0.42857142857142855,0.3298433227570076,0.3333333333333333,0.36736883942766296,0.5047234616415442,63.54838709677419,0.38392857142857145,1.3870967741935485,1.3870967741935485,8,8,5.354838709677419,11,13.375,7.5,44.0,8.417491708737625,0.31467258724252806,0.42093908629441623,0.9732248336067069,1.0,0.5505155456852792,1.0003625815808557,31.0,31.0,3.5,3.5,CORE,S,CF1,BASE,BASE,R04,,0.9732248336067069
Unknown,CB1_CORE_S_CF1_R05,8,61,7,2,2,5,84,0.2857142857142857,0.2857142857142857,0.0,0.0,0.2857142857142857,0.2857142857142857,0.34285714285714286,0.0,0.09035079029052513,0.34285714285714286,0.2857142857142857,0.06998542122237651,0.2857142857142857,0.42857142857142855,0.33161155435196715,0.3404255319148936,0.37142857142857144,0.5028972942316241,59.704918032786885,0.39069767441860465,1.3770491803278688,1.3770491803278688,8,8,5.737704918032787,11,11.5,0.0,30.0,5.1,0.20158102766798416,0.42375068643602415,0.9623586736879324,1.0,0.54957784184514,0.9989605397348397,30.5,30.5,3.5,3.5,CORE,S,CF1,BASE,BASE,R05,,0.9623586736879324
Unknown,CB1_CORE_S_CF2_R01,8,64,7,2,2,5,94,0.33035714285714285,0.2857142857142857,0.0,0.0,0.2857142857142857,0.42857142857142855,0.5142857142857142,0.0,0.18070158058105024,0.5142857142857142,0.42857142857142855,0.2649605284427344,0.2857142857142857,1.0,0.32549192968278307,0.32376044380410796,0.37180025890219076,0.4854866974936081,64.38513513513513,0.3983050847457627,1.46875,1.46875,8,8,5.234375,11,17.634615384615383,21.0,49.0,9.163499505286778,0.3397589783857693,0.41889464359571094,0.9047336746388583,1.0,0.5501561024241789,0.9973464461868282,32.0,32.0,3.5,3.5,CORE,S,CF2,BASE,BASE,R01,,0.9047336746388583
Unknown,CB1_CORE_S_CF2_R02,8,63,7,2,2,5,92,0.36507936507936506,0.42857142857142855,0.0,0.0,0.2857142857142857,0.42857142857142855,0.5142857142857143,0.0,0.25872528966106906,0.5142857142857142,0.42857142857142855,0.1142857142857143,0.42857142857142855,0.7142857142857143,0.31791117653124695,0.3175264481385601,0.3583744691340258,0.4751526556223061,60.63354037267081,0.4125560538116592,1.4603174603174602,1.4603174603174602,8,8,5.523809523809524,11,17.56896551724138,19.0,43.0,7.661551735777811,0.30074786008941357,0.4201469985658677,0.9611951398891327,1.0,0.5504379225568531,1.0013316943249335,31.5,31.5,3.5,3.5,CORE,S,CF2,BASE,BASE,R02,,0.9611951398891327
Unknown,CB1_CORE_S_CF2_R03,8,58,7,2,2,5,83,0.3448275862068965,0.2857142857142857,0.0,0.0,0.2857142857142857,0.42857142857142855,0.5142857142857143,0.0,0.14568627181693672,0.5142857142857142,0.5714285714285714,0.11428571428571428,0.2857142857142857,0.5714285714285714,0.3267596029310771,0.32638288677614524,0.36848674557287886,0.4754171664217627,63.3,0.4368421052631579,1.4310344827586208,1.4310344827586208,8,8,5.137931034482759,10,16.86,19.0,45.0,8.640780400953377,0.3280011540100926,0.4161729857819905,0.938997264123094,1.0,0.5497136650868879,0.9986459038591741,29.0,29.0,3.5,3.5,CORE,S,CF2,BASE,BASE,R03,,0.938997264123094
Unknown,CB1_CORE_S_CF2_R04,8,64,7,2,2,5,94,0.3526785714285714,0.2857142857142857,0.0,0.0,0.2857142857142857,0.42857142857142855,0.5142857142857143,0.0,0.14568627181693672,0.5142857142857142,0.42857142857142855,0.19378085666072192,0.2857142857142857,0.8571428571428571,0.317830165793237,0.31049956762879893,0.3684164055566907,0.4822528735234514,62.75949367088607,0.41228070175438597,1.46875,1.46875,8,8,5.34375,10,16.8,21.0,49.0,8.75,0.3333333333333333,0.41826341266639777,0.9500202898251632,1.0,0.5484727964905204,0.999279663458768,32.0,32.0,3.5,3.5,CORE,S,CF2,BASE,BASE,R04,,0.9500202898251632
Unknown,CB1_CORE_S_CF2_R05,8,59,7,2,2,5,88,0.34382566585956414,0.2857142857142857,0.0,0.0,0.2857142857142857,0.42857142857142855,0.5142857142857143,0.0,0.14568627181693672,0.5142857142857142,0.5714285714285714,0.14568627181693672,0.2857142857142857,0.7142857142857143,0.32510272954934083,0.3201947376187161,0.3725117723054165,0.47796175699202165,64.12676056338029,0.4536082474226804,1.4915254237288136,1.4915254237288136,8,8,5.220338983050848,10,17.2,19.0,45.0,8.335728822364604,0.31016665385542713,0.41909180759938497,0.9228747303661313,1.0,0.551154458598726,0.9991371466223211,29.5,29.5,3.5,3.5,CORE,S,CF2,BASE,BASE,R05,,0.9228747303661313
Unknown,CB1_CORE_S_CF3_R01,8,65,7,2,2,5,93,0.4879120879120879,0.42857142857142855,0.0,0.0,0.42857142857142855,0.5714285714285714,0.6571428571428571,0.0,0.09035079029052516,0.6571428571428571,0.7142857142857143,0.14568627181693672,0.42857142857142855,0.8571428571428571,0.322768124058377,0.3207665139358924,0.3640668881740154,0.41880776099287775,55.972972972972975,0.3924050632911392,1.4307692307692308,1.4307692307692308,8,8,5.584615384615384,10,16.285714285714285,18.0,36.0,6.536696035592323,0.28148451827909526,0.41488277268093776,0.8863292295616482,1.0,0.5499305890873973,0.9992067324273988,32.5,32.5,3.5,3.5,CORE,S,CF3,BASE,BASE,R01,,0.8863292295616482
Unknown,CB1_CORE_S_CF3_R02,8,57,7,2,2,5,84,0.47117794486215536,0.42857142857142855,0.0,0.0,0.2857142857142857,0.5714285714285714,0.6571428571428571,0.0,0.1761261143705422,0.6571428571428571,0.7142857142857143,0.2138089935299395,0.2857142857142857,0.8571428571428571,0.32841328290909266,0.33542958617879715,0.36655197877717943,0.42234526465000827,63.265957446808514,0.45901639344262296,1.4736842105263157,1.4736842105263157,8,8,5.105263157894737,9,18.950617283950617,21.0,43.0,8.550490038873512,0.3230804053776311,0.4183216110122171,0.909614794847851,1.0,0.5497624852866991,1.0048283648418168,28.5,28.5,3.5,3.5,CORE,S,CF3,BASE,BASE,R02,,0.909614794847851
Unknown,CB1_CORE_S_CF3_R03,8,57,7,2,2,5,79,0.48872180451127817,0.42857142857142855,0.0,0.0,0.42857142857142855,0.5714285714285714,0.6571428571428571,0.0,0.1761261143705422,0.6571428571428571,0.7142857142857143,0.14568627181693672,0.42857142857142855,0.8571428571428571,0.3255844045110808,0.31982029161569925,0.3687985137314665,0.415299269411861,68.18974358974359,0.4388888888888889,1.3859649122807018,1.3859649122807018,8,8,5.385964912280702,9,20.54320987654321,23.0,45.0,9.36097345466939,0.3262839305113129,0.4207327035136264,0.9427982856837883,1.0,0.5494777957434008,1.0024549038988388,28.5,28.5,3.5,3.5,CORE,S,CF3,BASE,BASE,R03,,0.9427982856837883
Unknown,CB1_CORE_S_CF3_R04,8,58,7,2,2,5,81,0.4926108374384236,0.42857142857142855,0.0,0.0,0.42857142857142855,0.5714285714285714,0.6571428571428571,0.0,0.20603150145508511,0.6571428571428571,0.7142857142857143,0.14568627181693672,0.42857142857142855,0.8571428571428571,0.32518824797281237,0.32431887523176267,0.3666059688146644,0.4146008844848066,64.105,0.421875,1.396551724137931,1.396551724137931,8,8,5.379310344827586,9,19.397590361445783,19.0,45.0,9.143607360093474,0.34075555379230343,0.4185840938044354,0.9074780219588809,1.0,0.5510978082832853,1.0005905489877098,29.0,29.0,3.5,3.5,CORE,S,CF3,BASE,BASE,R04,,0.9074780219588809
Unknown,CB1_CORE_S_CF3_R05,8,56,7,2,2,5,75,0.4821428571428571,0.42857142857142855,0.0,0.0,0.42857142857142855,0.5714285714285714,0.6571428571428571,0.0,0.20603150145508511,0.6571428571428571,0.7142857142857143,0.14568627181693672,0.42857142857142855,0.8571428571428571,0.3252186007129062,0.32704484267611356,0.369819603100155,0.4174743302442017,61.21164021164021,0.43352601156069365,1.3392857142857142,1.3392857142857142,8,8,5.035714285714286,9,18.72289156626506,20.0,46.0,9.03456326190333,0.34882483636692396,0.4231221367447489,0.9462871041663505,1.0,0.549834147290172,1.0012101305212204,28.0,28.0,3.5,3.5,CORE,S,CF3,BASE,BASE,R05,,0.9462871041663505
Unknown,CB1_CORE_M_CF1_R01,15,114,10,2,2,6,166,0.22456140350877193,0.2,0.0,0.0,0.2,0.3,0.35,0.0,0.13844373104863458,0.35000000000000003,0.4,0.11180339887498948,0.2,0.5,0.32483830601339075,0.32797220792588777,0.3683223556033536,0.49093675879283244,64.81640625,0.4267352185089974,1.456140350877193,1.456140350877193,15,15,9.324561403508772,17,16.0,18.0,42.0,7.8587530817554,0.28892474565277204,0.41964683902850597,0.9401663825693869,1.0,0.5499321878737076,1.0012897004761045,57.0,57.0,5.0,5.0,CORE,M,CF1,BASE,BASE,R01,,0.9401663825693869
Unknown,CB1_CORE_M_CF1_R02,15,130,10,2,2,6,189,0.24769230769230768,0.2,0.0,0.0,0.2,0.3,0.35,0.0,0.18929694486000911,0.35,0.35,0.05000000000000002,0.3,0.4,0.32443298075845395,0.3239359439796081,0.36848906678022236,0.4735069398928468,63.16459627329193,0.3713163064833006,1.4538461538461538,1.4538461538461538,15,15,9.03076923076923,18,16.57894736842105,18.0,49.0,9.03811374126261,0.34430909490524225,0.41558090368258027,0.9498568728018814,1.0,0.550575188570263,0.9989773341855548,65.0,65.0,5.0,5.0,CORE,M,CF1,BASE,BASE,R02,,0.9498568728018814
Unknown,CB1_CORE_M_CF1_R03,15,115,10,2,2,6,170,0.24347826086956523,0.2,0.0,0.0,0.2,0.3,0.35,0.0,0.15723301886761007,0.35,0.35,0.09574271077563382,0.2,0.5,0.3264534531439393,0.3313319458837149,0.36936750089587606,0.4745248049736479,59.910714285714285,0.4207920792079208,1.4782608695652173,1.4782608695652173,15,15,9.330434782608696,19,15.169811320754716,17.0,44.0,8.698958270965553,0.34622719486430065,0.4193740685543964,0.9136398357056955,1.0,0.5501299405106478,1.0014903129657229,57.5,57.5,5.0,5.0,CORE,M,CF1,BASE,BASE,R03,,0.9136398357056955
Unknown,CB1_CORE_M_CF1_R04,15,110,10,2,2,6,154,0.24181818181818182,0.2,0.0,0.0,0.2,0.3,0.35,0.0,0.11666666666666667,0.35,0.35,0.09574271077563382,0.2,0.5,0.32528983043916343,0.32101694915254236,0.372258646194366,0.477014542291356,61.037593984962406,0.42896935933147634,1.4,1.4,15,15,9.381818181818181,20,14.693877551020408,14.0,41.0,8.066053836281773,0.3136798714109578,0.42128603104212864,0.9524954982956605,1.0,0.5510761719187439,1.0002032520325204,55.0,55.0,5.0,5.0,CORE,M,CF1,BASE,BASE,R04,,0.9524954982956605
Unknown,CB1_CORE_M_CF1_R05,15,110,10,2,2,6,150,0.23636363636363636,0.2,0.0,0.0,0.2,0.3,0.35,0.0,0.18929694486000911,0.35,0.35,0.12583057392117916,0.2,0.5,0.3264082820869169,0.3292906950715974,0.37016764205554925,0.4799626305625662,61.82692307692308,0.41899441340782123,1.3636363636363635,1.3636363636363635,15,15,8.727272727272727,17,16.350877192982455,18.0,47.0,7.497324625705484,0.28959623017746505,0.41873163988249523,0.9403886690993823,1.0,0.5496548976260555,1.00199066874028,55.0,55.0,5.0,5.0,CORE,M,CF1,BASE,BASE,R05,,0.9403886690993823
Unknown,CB1_CORE_M_CF2_R01,15,122,10,2,2,6,179,0.3459016393442623,0.3,0.0,0.0,0.3,0.4,0.5,0.0,0.19720265943665388,0.5,0.45,0.11547005383792512,0.4,0.7,0.3218962890387619,0.31949866210215366,0.3673926790854271,0.4183301249803829,61.855450236966824,0.39601769911504425,1.4672131147540983,1.4672131147540983,15,15,9.655737704918034,19,18.634615384615383,18.0,48.0,9.387564626294516,0.3584519000752292,0.42339339684472427,0.9360566237083454,1.0,0.5496686204650807,0.9974868789028082,61.0,61.0,5.0,5.0,CORE,M,CF2,BASE,BASE,R01,,0.9360566237083454
Unknown,CB1_CORE_M_CF2_R02,15,115,10,2,2,6,162,0.34956521739130436,0.3,0.0,0.0,0.3,0.4,0.5,0.0,0.16666666666666666,0.5,0.5,0.12909944487358055,0.3,0.7,0.32434983151451263,0.3210941610389934,0.3688576229716657,0.41397814219184187,59.97761194029851,0.39803439803439805,1.4086956521739131,1.4086956521739131,15,15,9.165217391304347,17,17.62,18.0,47.0,8.711193830881257,0.346074669785294,0.41968040669048506,0.9309564793461849,1.0,0.5500675080233259,0.9987059848202064,57.5,57.5,5.0,5.0,CORE,M,CF2,BASE,BASE,R02,,0.9309564793461849
Unknown,CB1_CORE_M_CF2_R03,15,122,10,2,2,6,174,0.3442622950819672,0.3,0.0,0.0,0.3,0.4,0.5,0.0,0.21081851067789198,0.5,0.5,0.1527525231651947,0.3,0.8,0.32425248447734084,0.32197572509470535,0.37374782844420973,0.41595799125717825,62.49523809523809,0.3901345291479821,1.4262295081967213,1.4262295081967213,15,15,9.081967213114755,18,18.867924528301888,19.0,51.0,9.40633958438304,0.35744090420655555,0.4210847142238406,0.9572083459963412,1.0,0.5501245588802043,1.0000761962816216,61.0,61.0,5.0,5.0,CORE,M,CF2,BASE,BASE,R03,,0.9572083459963412
Unknown,CB1_CORE_M_CF2_R04,15,125,10,2,2,6,185,0.3464,0.3,0.0,0.0,0.3,0.4,0.5,0.0,0.18257418583505539,0.5,0.5,0.08164965809277258,0.4,0.6,0.3201579305808784,0.3168494194644907,0.3647692981645522,0.4201991051428276,64.69976905311778,0.39112050739957716,1.48,1.48,15,15,9.16,17,19.147058823529413,21.0,49.0,9.255535130696417,0.3412178850026329,0.4192441549170088,0.957042500174477,1.0,0.5495184840470646,1.003094770658576,62.5,62.5,5.0,5.0,CORE,M,CF2,BASE,BASE,R04,,0.957042500174477
Unknown,CB1_CORE_M_CF2_R05,15,115,10,2,2,6,166,0.34347826086956523,0.3,0.0,0.0,0.3,0.4,0.5,0.0,0.21081851067789195,0.5,0.5,0.11547005383792515,0.3,0.7,0.32138120577948986,0.3168494194644907,0.3660510270227666,0.4200387065505266,64.4506329113924,0.4181360201511335,1.4434782608695653,1.4434782608695653,15,15,8.843478260869565,19,19.62264150943396,24.0,47.0,8.771728067855209,0.3205054486331711,0.42464161818640406,0.961225170389868,1.0,0.5498474557673667,0.9961112420457224,57.5,57.5,5.0,5.0,CORE,M,CF2,BASE,BASE,R05,,0.961225170389868
Unknown,CB1_CORE_M_CF3_R01,15,111,10,2,2,6,155,0.5369369369369369,0.5,0.0,0.0,0.5,0.6,0.65,0.0,0.11666666666666668,0.65,0.6,0.11180339887498951,0.5,0.8,0.32918982551791726,0.3327561323230812,0.368171857293435,0.3603598291287481,63.124161073825505,0.4246575342465753,1.3963963963963963,1.3963963963963963,15,15,9.684684684684685,18,19.94904458598726,26.0,51.0,8.105913375898465,0.30539520381737517,0.4204788218937891,0.9673586691481576,1.0,0.5497495530793263,0.9996172452288554,55.5,55.5,5.0,5.0,CORE,M,CF3,BASE,BASE,R01,,0.9673586691481576
Unknown,CB1_CORE_M_CF3_R02,15,128,10,2,2,6,183,0.54296875,0.5,0.0,0.0,0.5,0.6,0.65,0.0,0.17400510848184253,0.65,0.6499999999999999,0.09574271077563382,0.5,0.8,0.32386795871743307,0.3262356023262676,0.3629478931225245,0.366539343252234,64.52086330935252,0.36237623762376237,1.4296875,1.4296875,15,15,9.4375,18,20.57668711656442,25.0,50.0,9.439839083092053,0.3489982248966651,0.4192192371495041,0.9450507092077924,1.0,0.5493770413731813,1.0027764149681102,64.0,64.0,5.0,5.0,CORE,M,CF3,BASE,BASE,R02,,0.9450507092077924
Unknown,CB1_CORE_M_CF3_R03,15,116,10,2,2,6,168,0.5465517241379311,0.5,0.0,0.0,0.5,0.6,0.65,0.0,0.11666666666666668,0.6499999999999999,0.7,0.07637626158259732,0.5,0.7,0.32681912057675294,0.33026498172782237,0.3682752515312204,0.3620720816460226,62.457413249211356,0.4077669902912621,1.4482758620689655,1.4482758620689655,15,15,8.612068965517242,18,19.662420382165607,23.0,47.0,8.535042759003485,0.32625041968332075,0.4188616785131247,0.9484428912444092,1.0,0.550193076785329,0.998280216172534,58.0,58.0,5.0,5.0,CORE,M,CF3,BASE,BASE,R03,,0.9484428912444092
Unknown,CB1_CORE_M_CF3_R04,15,119,10,2,2,6,176,0.5352941176470588,0.5,0.0,0.0,0.5,0.6,0.65,0.0,0.15723301886761007,0.65,0.7,0.11180339887498948,0.5,0.8,0.32270149612387894,0.3228122644106198,0.37113251993543245,0.36993732449471156,64.21036106750392,0.4160756501182033,1.4789915966386555,1.4789915966386555,15,15,9.571428571428571,19,20.453416149068325,24.0,47.0,8.779163018509397,0.3252529268928474,0.4203652312484619,0.9557340162808611,1.0,0.5477862627501898,1.0037320913402767,59.5,59.5,5.0,5.0,CORE,M,CF3,BASE,BASE,R04,,0.9557340162808611
Unknown,CB1_CORE_M_CF3_R05,15,113,10,2,2,6,163,0.5460176991150443,0.5,0.0,0.0,0.5,0.6,0.65,0.0,0.15723301886761007,0.6499999999999999,0.7,0.07637626158259732,0.5,0.7,0.3197196857709059,0.32115569248676645,0.36209894158970546,0.3715658753728998,62.922204213938414,0.422279792746114,1.4424778761061947,1.4424778761061947,15,15,10.11504424778761,18,19.88198757763975,24.0,49.0,9.673398777726815,0.36868311492742,0.4169864238834255,0.9178675928516801,1.0,0.5505946355817448,1.000441748448085,56.5,56.5,5.0,5.0,CORE,M,CF3,BASE,BASE,R05,,0.9178675928516801
Unknown,CB1_CORE_L_CF1_R01,22,190,15,2,2,8,292,0.2280701754385965,0.2,0.0,0.0,0.2,0.26666666666666666,0.35,0.0,0.14577379737113252,0.35,0.3666666666666667,0.09860132971832694,0.2,0.5333333333333333,0.32292700379022327,0.3258598794406806,0.3666277470242314,0.41815679800458094,61.96923076923077,0.3924731182795699,1.5368421052631578,1.5368421052631578,22,22,12.689473684210526,24,18.31159420289855,20.0,44.0,9.250557181041703,0.35142599500593724,0.4247739779874214,0.9617506045821405,1.0,0.5493527727780536,0.9988828202581926,95.0,95.0,7.5,7.5,CORE,L,CF1,BASE,BASE,R01,,0.9617506045821405
Unknown,CB1_CORE_L_CF1_R02,22,181,15,2,2,8,260,0.23646408839779007,0.26666666666666666,0.0,0.0,0.2,0.26666666666666666,0.35,0.0,0.1224744871391589,0.35,0.3333333333333333,0.04409585518440986,0.26666666666666666,0.4,0.32159121879898434,0.322301281945155,0.3655965970247943,0.41527801452532415,63.03582554517134,0.3806734992679356,1.4364640883977902,1.4364640883977902,22,22,12.569060773480663,24,18.106060606060606,19.0,48.0,10.159955283268951,0.3825924583657764,0.4212771915952128,0.9440659807697658,1.0,0.5494767213793273,0.9967876646321876,90.5,90.5,7.5,7.5,CORE,L,CF1,BASE,BASE,R02,,0.9440659807697658
Unknown,CB1_CORE_L_CF1_R03,22,173,15,2,2,8,241,0.23622350674373796,0.26666666666666666,0.0,0.0,0.2,0.26666666666666666,0.35,0.0,0.08164965809277261,0.35,0.26666666666666666,0.11902380714238082,0.26666666666666666,0.6,0.3248781986924693,0.3265986323710904,0.3663741361262428,0.41118631587061033,61.442088091353995,0.39186991869918697,1.393063583815029,1.393063583815029,22,22,12.670520231213873,24,17.016129032258064,18.0,46.0,9.535618440158348,0.37057853653695955,0.41879610730049527,0.978526757671453,1.0,0.549552042401232,0.9982299631832343,86.5,86.5,7.5,7.5,CORE,L,CF1,BASE,BASE,R03,,0.978526757671453
Unknown,CB1_CORE_L_CF1_R04,22,172,15,2,2,8,248,0.23178294573643413,0.2,0.0,0.0,0.2,0.26666666666666666,0.35,0.0,0.17795130420052185,0.35,0.3333333333333333,0.06454972243679029,0.26666666666666666,0.4666666666666667,0.32683427409354376,0.3310121274031322,0.367340145439831,0.4113675233619184,61.063545150501675,0.4065573770491803,1.441860465116279,1.441860465116279,22,22,12.877906976744185,25,18.39864864864865,21.0,48.0,9.042210457278696,0.35199203395943507,0.42068764893962224,0.9622296158165298,1.0,0.5504639661381312,0.9984134808485778,86.0,86.0,7.5,7.5,CORE,L,CF1,BASE,BASE,R04,,0.9622296158165298
Unknown,CB1_CORE_L_CF1_R05,22,171,15,2,2,8,252,0.22923976608187135,0.2,0.0,0.0,0.2,0.26666666666666666,0.35,0.0,0.17199806200458578,0.35,0.3333333333333333,0.10408329997330663,0.2,0.5333333333333333,0.32745513470167575,0.33231905872237216,0.3675728182191435,0.411863291491138,62.72789115646258,0.4193011647254576,1.4736842105263157,1.4736842105263157,22,22,12.923976608187134,26,18.835616438356166,21.0,52.0,10.365277579010648,0.3919959520789481,0.42153987970602225,0.9733705312598138,1.0,0.5498077587842968,1.000618154213209,85.5,85.5,7.5,7.5,CORE,L,CF1,BASE,BASE,R05,,0.9733705312598138
Unknown,CB1_CORE_L_CF2_R01,22,195,15,2,2,8,279,0.35452991452991456,0.3333333333333333,0.0,0.0,0.2,0.4,0.5,0.0,0.13693063937629152,0.5,0.4666666666666667,0.14907119849998596,0.2,0.7333333333333333,0.32399462108406196,0.32572035551988454,0.367708055648276,0.37071600004159216,62.55448408871745,0.35361216730038025,1.4307692307692308,1.4307692307692308,22,22,12.37948717948718,26,20.213178294573645,20.0,50.0,10.266727735657678,0.38980097634903554,0.4210470955372218,0.9581276813561704,1.0,0.5496458487490172,1.001260489088265,97.5,97.5,7.5,7.5,CORE,L,CF2,BASE,BASE,R01,,0.9581276813561704
Unknown,CB1_CORE_L_CF2_R02,22,183,15,2,2,8,260,0.36357012750455375,0.3333333333333333,0.0,0.0,0.3333333333333333,0.4,0.5,0.0,0.1767766952966369,0.5,0.4666666666666667,0.10540925533894596,0.3333333333333333,0.6666666666666666,0.328651706428155,0.3299831645537222,0.37042847577377186,0.35966908017482313,63.322645290581164,0.3746397694524496,1.4207650273224044,1.4207650273224044,22,22,13.147540983606557,24,20.78148148148148,21.0,51.0,10.186457819207535,0.38124329745741975,0.42195090707971267,0.9346538122303432,1.0,0.550319022366922,1.0006951916787983,91.5,91.5,7.5,7.5,CORE,L,CF2,BASE,BASE,R02,,0.9346538122303432
Unknown,CB1_CORE_L_CF2_R03,22,184,15,2,2,8,262,0.36376811594202896,0.3333333333333333,0.0,0.0,0.3333333333333333,0.4,0.5,0.0,0.13693063937629152,0.5,0.4666666666666667,0.10540925533894596,0.3333333333333333,0.6666666666666666,0.3261523752225255,0.32869543629875314,0.3671598230894975,0.3631384396571355,61.0089641434263,0.3764367816091954,1.423913043478261,1.423913043478261,22,22,12.592391304347826,24,19.786821705426355,20.0,50.0,10.71995722519018,0.4157789482052215,0.4226072126419865,0.9244591366810528,1.0,0.5499960206030725,1.0025849074058957,92.0,92.0,7.5,7.5,CORE,L,CF2,BASE,BASE,R03,,0.9244591366810528
Unknown,CB1_CORE_L_CF2_R04,22,165,15,2,2,8,244,0.3664646464646465,0.3333333333333333,0.0,0.0,0.3333333333333333,0.4,0.5,0.0,0.14433756729740643,0.5,0.5,0.08164965809277258,0.4,0.6666666666666666,0.32580895992166076,0.3248340963762274,0.36665928223111194,0.36274698163796126,62.59977949283352,0.43493761140819964,1.4787878787878788,1.4787878787878788,22,22,12.606060606060606,24,20.196153846153845,21.0,53.0,9.986990287368863,0.38038431869620504,0.41941042305118176,0.9541840330496625,1.0,0.5507457498943252,0.9973411062970399,82.5,82.5,7.5,7.5,CORE,L,CF2,BASE,BASE,R04,,0.9541840330496625
Unknown,CB1_CORE_L_CF2_R05,22,179,15,2,2,8,260,0.35977653631284917,0.3333333333333333,0.0,0.0,0.3333333333333333,0.4,0.5,0.0,0.13693063937629152,0.5,0.43333333333333335,0.1452966314513558,0.3333333333333333,0.8,0.32360509165903617,0.3203047856485172,0.36877476718291446,0.36759680782127335,63.11904761904762,0.39215686274509803,1.452513966480447,1.452513966480447,22,22,13.810055865921788,27,20.27906976744186,23.0,57.0,10.754459642578828,0.4069921653728226,0.41864133603100034,0.956086135955805,1.0,0.5502375282912109,1.000754432289702,89.5,89.5,7.5,7.5,CORE,L,CF2,BASE,BASE,R05,,0.956086135955805
Unknown,CB1_CORE_L_CF3_R01,22,193,15,2,2,8,287,0.48393782383419687,0.4666666666666667,0.0,0.0,0.4,0.5333333333333333,0.65,0.0,0.15275252316519466,0.65,0.7,0.169148192751537,0.4,0.8666666666666667,0.3281057324415925,0.33176330983058316,0.3678587607733405,0.3397362262110274,63.24625267665953,0.3761467889908257,1.4870466321243523,1.4870466321243523,22,22,12.704663212435234,24,21.682242990654206,21.0,52.0,9.810406802607783,0.3700045669086987,0.41922303049063614,0.9615070443759208,1.0,0.5494396668472372,1.0003227699530517,96.5,96.5,7.5,7.5,CORE,L,CF3,BASE,BASE,R01,,0.9615070443759208
Unknown,CB1_CORE_L_CF3_R02,22,167,15,2,2,8,237,0.49660678642714573,0.4666666666666667,0.0,0.0,0.4666666666666667,0.5333333333333333,0.65,0.0,0.18371173070873836,0.65,0.6666666666666666,0.10408329997330663,0.4666666666666667,0.8,0.32131146252046006,0.3201386139133512,0.3633348661318963,0.3472841523107439,60.638263665594856,0.40932642487046633,1.4191616766467066,1.4191616766467066,22,22,13.67065868263473,26,20.901826484018265,21.0,52.0,9.674747181435356,0.3804379011815104,0.419381328195656,0.9508545316513206,1.0,0.5503950473261394,0.9955210294208624,83.5,83.5,7.5,7.5,CORE,L,CF3,BASE,BASE,R02,,0.9508545316513206
Unknown,CB1_CORE_L_CF3_R03,22,176,15,2,2,8,247,0.4954545454545455,0.4666666666666667,0.0,0.0,0.4666666666666667,0.5333333333333333,0.65,0.0,0.1224744871391589,0.6499999999999999,0.6666666666666666,0.09279607271383368,0.4666666666666667,0.7333333333333333,0.325299522889537,0.32791370570611933,0.36640161934752935,0.3419860646674371,63.25152905198777,0.38413685847589424,1.4034090909090908,1.4034090909090908,22,22,12.721590909090908,25,21.659523809523808,22.0,54.0,9.54798896235568,0.35895484501765884,0.4205339476112228,0.9626615178868569,1.0,0.5498261349763698,0.9997123276080887,88.0,88.0,7.5,7.5,CORE,L,CF3,BASE,BASE,R03,,0.9626615178868569
Unknown,CB1_CORE_L_CF3_R04,22,174,15,2,2,8,251,0.4896551724137931,0.4666666666666667,0.0,0.0,0.4,0.5333333333333333,0.65,0.0,0.13070322617798436,0.65,0.6666666666666666,0.10408329997330663,0.4,0.8,0.32566618399386743,0.3256943702688574,0.3693670742149049,0.34281425862316295,64.20031298904539,0.40418679549114334,1.4425287356321839,1.4425287356321839,22,22,13.442528735632184,25,21.924170616113745,22.0,50.0,10.327800672881798,0.3839995062117746,0.4189286248775532,0.9285510222165596,1.0,0.5494886567923655,0.9979182917316691,87.0,87.0,7.5,7.5,CORE,L,CF3,BASE,BASE,R04,,0.9285510222165596
Unknown,CB1_CORE_L_CF3_R05,22,183,15,2,2,8,269,0.49872495446265935,0.4666666666666667,0.0,0.0,0.4666666666666667,0.5333333333333333,0.65,0.0,0.15275252316519466,0.6499999999999999,0.6333333333333333,0.07264831572567787,0.5333333333333333,0.7333333333333333,0.32791898088632443,0.3300615148572016,0.3692794598208961,0.3380693974394481,59.85756026296567,0.38872832369942195,1.469945355191257,1.469945355191257,22,22,13.382513661202186,25,20.455607476635514,20.0,45.0,9.721100550779594,0.38862195234412994,0.4178968471884452,0.9474448909678147,1.0,0.5501994001311855,1.0018227673032725,91.5,91.5,7.5,7.5,CORE,L,CF3,BASE,BASE,R05,,0.9474448909678147
Unknown,CB1_SENS_M_CF2_RI1_TI1_R01,15,120,10,2,2,6,169,0.3491666666666667,0.3,0.0,0.0,0.3,0.4,0.5,0.0,0.19720265943665388,0.5,0.5,0.05773502691896256,0.4,0.6,0.32187685396469173,0.31807963010395834,0.3695903942430334,0.4171987999704042,64.81861575178998,0.3876146788990826,1.4083333333333334,1.4083333333333334,15,15,9.033333333333333,18,9.73076923076923,9.0,24.0,5.046026288102267,0.36897820683751753,0.21098376626930695,0.9428834689880079,1.0,0.27489297035303883,0.4998564011929747,60.0,60.0,5.0,5.0,SENS,M,CF2,RI1,TI1,R01,SENS_R01,0.9428834689880079
Unknown,CB1_SENS_M_CF2_RI1_TI2_R01,15,120,10,2,2,6,169,0.3491666666666667,0.3,0.0,0.0,0.3,0.4,0.5,0.0,0.19720265943665388,0.5,0.5,0.05773502691896256,0.4,0.6,0.32187685396469173,0.31807963010395834,0.3695903942430334,0.4171987999704042,64.81861575178998,0.3876146788990826,1.4083333333333334,1.4083333333333334,15,15,9.033333333333333,18,9.73076923076923,9.0,24.0,5.046026288102267,0.36897820683751753,0.21098376626930695,0.9428834689880079,1.0,0.5500409434615072,1.001255569056298,60.0,60.0,5.0,5.0,SENS,M,CF2,RI1,TI2,R01,SENS_R01,0.9428834689880079
Unknown,CB1_SENS_M_CF2_RI1_TI3_R01,15,120,10,2,2,6,169,0.3491666666666667,0.3,0.0,0.0,0.3,0.4,0.5,0.0,0.19720265943665388,0.5,0.5,0.05773502691896256,0.4,0.6,0.32187685396469173,0.31807963010395834,0.3695903942430334,0.4171987999704042,64.81861575178998,0.3876146788990826,1.4083333333333334,1.4083333333333334,15,15,9.033333333333333,18,9.73076923076923,9.0,24.0,5.046026288102267,0.36897820683751753,0.21098376626930695,0.9428834689880079,1.0,1.1000818869230145,2.002511138112596,60.0,60.0,5.0,5.0,SENS,M,CF2,RI1,TI3,R01,SENS_R01,0.9428834689880079
Unknown,CB1_SENS_M_CF2_RI2_TI1_R01,15,120,10,2,2,6,169,0.3491666666666667,0.3,0.0,0.0,0.3,0.4,0.5,0.0,0.19720265943665388,0.5,0.5,0.05773502691896256,0.4,0.6,0.32187685396469173,0.31807963010395834,0.3695903942430334,0.4171987999704042,64.81861575178998,0.3876146788990826,1.4083333333333334,1.4083333333333334,15,15,9.033333333333333,18,19.39423076923077,18.0,49.0,10.056678311975702,0.3689609296411512,0.42050815866125707,0.9428834689880079,1.0,0.27489297035303883,0.4998564011929747,60.0,60.0,5.0,5.0,SENS,M,CF2,RI2,TI1,R01,SENS_R01,0.9428834689880079
Unknown,CB1_SENS_M_CF2_RI2_TI2_R01,15,120,10,2,2,6,169,0.3491666666666667,0.3,0.0,0.0,0.3,0.4,0.5,0.0,0.19720265943665388,0.5,0.5,0.05773502691896256,0.4,0.6,0.32187685396469173,0.31807963010395834,0.3695903942430334,0.4171987999704042,64.81861575178998,0.3876146788990826,1.4083333333333334,1.4083333333333334,15,15,9.033333333333333,18,19.39423076923077,18.0,49.0,10.056678311975702,0.3689609296411512,0.42050815866125707,0.9428834689880079,1.0,0.5500409434615072,1.001255569056298,60.0,60.0,5.0,5.0,SENS,M,CF2,RI2,TI2,R01,SENS_R01,0.9428834689880079
Unknown,CB1_SENS_M_CF2_RI2_TI3_R01,15,120,10,2,2,6,169,0.3491666666666667,0.3,0.0,0.0,0.3,0.4,0.5,0.0,0.19720265943665388,0.5,0.5,0.05773502691896256,0.4,0.6,0.32187685396469173,0.31807963010395834,0.3695903942430334,0.4171987999704042,64.81861575178998,0.3876146788990826,1.4083333333333334,1.4083333333333334,15,15,9.033333333333333,18,19.39423076923077,18.0,49.0,10.056678311975702,0.3689609296411512,0.42050815866125707,0.9428834689880079,1.0,1.1000818869230145,2.002511138112596,60.0,60.0,5.0,5.0,SENS,M,CF2,RI2,TI3,R01,SENS_R01,0.9428834689880079
Unknown,CB1_SENS_M_CF2_RI3_TI1_R01,15,120,10,2,2,6,169,0.3491666666666667,0.3,0.0,0.0,0.3,0.4,0.5,0.0,0.19720265943665388,0.5,0.5,0.05773502691896256,0.4,0.6,0.32187685396469173,0.31807963010395834,0.3695903942430334,0.4171987999704042,64.81861575178998,0.3876146788990826,1.4083333333333334,1.4083333333333334,15,15,9.033333333333333,18,38.78846153846154,36.0,98.0,20.113356623951404,0.3689609296411512,0.8410163173225141,0.9428834689880079,1.0,0.27489297035303883,0.4998564011929747,60.0,60.0,5.0,5.0,SENS,M,CF2,RI3,TI1,R01,SENS_R01,0.9428834689880079
Unknown,CB1_SENS_M_CF2_RI3_TI2_R01,15,120,10,2,2,6,169,0.3491666666666667,0.3,0.0,0.0,0.3,0.4,0.5,0.0,0.19720265943665388,0.5,0.5,0.05773502691896256,0.4,0.6,0.32187685396469173,0.31807963010395834,0.3695903942430334,0.4171987999704042,64.81861575178998,0.3876146788990826,1.4083333333333334,1.4083333333333334,15,15,9.033333333333333,18,38.78846153846154,36.0,98.0,20.113356623951404,0.3689609296411512,0.8410163173225141,0.9428834689880079,1.0,0.5500409434615072,1.001255569056298,60.0,60.0,5.0,5.0,SENS,M,CF2,RI3,TI2,R01,SENS_R01,0.9428834689880079
Unknown,CB1_SENS_M_CF2_RI3_TI3_R01,15,120,10,2,2,6,169,0.3491666666666667,0.3,0.0,0.0,0.3,0.4,0.5,0.0,0.19720265943665388,0.5,0.5,0.05773502691896256,0.4,0.6,0.32187685396469173,0.31807963010395834,0.3695903942430334,0.4171987999704042,64.81861575178998,0.3876146788990826,1.4083333333333334,1.4083333333333334,15,15,9.033333333333333,18,38.78846153846154,36.0,98.0,20.113356623951404,0.3689609296411512,0.8410163173225141,0.9428834689880079,1.0,1.1000818869230145,2.002511138112596,60.0,60.0,5.0,5.0,SENS,M,CF2,RI3,TI3,R01,SENS_R01,0.9428834689880079
Unknown,CB1_SENS_M_CF2_RI1_TI1_R02,15,111,10,2,2,6,165,0.34144144144144145,0.3,0.0,0.0,0.3,0.4,0.5,0.0,0.2472066162365221,0.5,0.5,0.11547005383792515,0.3,0.7,0.32627673247294103,0.323955865858802,0.37243703691440133,0.41447204313989555,62.29815303430079,0.444743935309973,1.4864864864864864,1.4864864864864864,15,15,8.9009009009009,16,9.508928571428571,11.0,26.0,4.159895350580479,0.32029241196957675,0.20847816902208666,0.9695399852174694,1.0,0.27447320218794224,0.49680445555037905,55.5,55.5,5.0,5.0,SENS,M,CF2,RI1,TI1,R02,SENS_R02,0.9695399852174694
Unknown,CB1_SENS_M_CF2_RI1_TI2_R02,15,111,10,2,2,6,165,0.34144144144144145,0.3,0.0,0.0,0.3,0.4,0.5,0.0,0.2472066162365221,0.5,0.5,0.11547005383792515,0.3,0.7,0.32627673247294103,0.323955865858802,0.37243703691440133,0.41447204313989555,62.29815303430079,0.444743935309973,1.4864864864864864,1.4864864864864864,15,15,8.9009009009009,16,9.508928571428571,11.0,26.0,4.159895350580479,0.32029241196957675,0.20847816902208666,0.9695399852174694,1.0,0.5489464043758845,1.0016348312227352,55.5,55.5,5.0,5.0,SENS,M,CF2,RI1,TI2,R02,SENS_R02,0.9695399852174694
Unknown,CB1_SENS_M_CF2_RI1_TI3_R02,15,111,10,2,2,6,165,0.34144144144144145,0.3,0.0,0.0,0.3,0.4,0.5,0.0,0.2472066162365221,0.5,0.5,0.11547005383792515,0.3,0.7,0.32627673247294103,0.323955865858802,0.37243703691440133,0.41447204313989555,62.29815303430079,0.444743935309973,1.4864864864864864,1.4864864864864864,15,15,8.9009009009009,16,9.508928571428571,11.0,26.0,4.159895350580479,0.32029241196957675,0.20847816902208666,0.9695399852174694,1.0,1.097892808751769,2.0032696624454704,55.5,55.5,5.0,5.0,SENS,M,CF2,RI1,TI3,R02,SENS_R02,0.9695399852174694
Unknown,CB1_SENS_M_CF2_RI2_TI1_R02,15,111,10,2,2,6,165,0.34144144144144145,0.3,0.0,0.0,0.3,0.4,0.5,0.0,0.2472066162365221,0.5,0.5,0.11547005383792515,0.3,0.7,0.32627673247294103,0.323955865858802,0.37243703691440133,0.41447204313989555,62.29815303430079,0.444743935309973,1.4864864864864864,1.4864864864864864,15,15,8.9009009009009,16,19.169642857142858,22.0,51.0,8.206374751107925,0.3134246528136236,0.420284158582554,0.9695399852174694,1.0,0.27447320218794224,0.49680445555037905,55.5,55.5,5.0,5.0,SENS,M,CF2,RI2,TI1,R02,SENS_R02,0.9695399852174694
Unknown,CB1_SENS_M_CF2_RI2_TI2_R02,15,111,10,2,2,6,165,0.34144144144144145,0.3,0.0,0.0,0.3,0.4,0.5,0.0,0.2472066162365221,0.5,0.5,0.11547005383792515,0.3,0.7,0.32627673247294103,0.323955865858802,0.37243703691440133,0.41447204313989555,62.29815303430079,0.444743935309973,1.4864864864864864,1.4864864864864864,15,15,8.9009009009009,16,19.169642857142858,22.0,51.0,8.206374751107925,0.3134246528136236,0.420284158582554,0.9695399852174694,1.0,0.5489464043758845,1.0016348312227352,55.5,55.5,5.0,5.0,SENS,M,CF2,RI2,TI2,R02,SENS_R02,0.9695399852174694
Unknown,CB1_SENS_M_CF2_RI2_TI3_R02,15,111,10,2,2,6,165,0.34144144144144145,0.3,0.0,0.0,0.3,0.4,0.5,0.0,0.2472066162365221,0.5,0.5,0.11547005383792515,0.3,0.7,0.32627673247294103,0.323955865858802,0.37243703691440133,0.41447204313989555,62.29815303430079,0.444743935309973,1.4864864864864864,1.4864864864864864,15,15,8.9009009009009,16,19.169642857142858,22.0,51.0,8.206374751107925,0.3134246528136236,0.420284158582554,0.9695399852174694,1.0,1.097892808751769,2.0032696624454704,55.5,55.5,5.0,5.0,SENS,M,CF2,RI2,TI3,R02,SENS_R02,0.9695399852174694
Unknown,CB1_SENS_M_CF2_RI3_TI1_R02,15,111,10,2,2,6,165,0.34144144144144145,0.3,0.0,0.0,0.3,0.4,0.5,0.0,0.2472066162365221,0.5,0.5,0.11547005383792515,0.3,0.7,0.32627673247294103,0.323955865858802,0.37243703691440133,0.41447204313989555,62.29815303430079,0.444743935309973,1.4864864864864864,1.4864864864864864,15,15,8.9009009009009,16,38.339285714285715,44.0,102.0,16.41274950221585,0.3134246528136236,0.840568317165108,0.9695399852174694,1.0,0.27447320218794224,0.49680445555037905,55.5,55.5,5.0,5.0,SENS,M,CF2,RI3,TI1,R02,SENS_R02,0.9695399852174694
Unknown,CB1_SENS_M_CF2_RI3_TI2_R02,15,111,10,2,2,6,165,0.34144144144144145,0.3,0.0,0.0,0.3,0.4,0.5,0.0,0.2472066162365221,0.5,0.5,0.11547005383792515,0.3,0.7,0.32627673247294103,0.323955865858802,0.37243703691440133,0.41447204313989555,62.29815303430079,0.444743935309973,1.4864864864864864,1.4864864864864864,15,15,8.9009009009009,16,38.339285714285715,44.0,102.0,16.41274950221585,0.3134246528136236,0.840568317165108,0.9695399852174694,1.0,0.5489464043758845,1.0016348312227352,55.5,55.5,5.0,5.0,SENS,M,CF2,RI3,TI2,R02,SENS_R02,0.9695399852174694
Unknown,CB1_SENS_M_CF2_RI3_TI3_R02,15,111,10,2,2,6,165,0.34144144144144145,0.3,0.0,0.0,0.3,0.4,0.5,0.0,0.2472066162365221,0.5,0.5,0.11547005383792515,0.3,0.7,0.32627673247294103,0.323955865858802,0.37243703691440133,0.41447204313989555,62.29815303430079,0.444743935309973,1.4864864864864864,1.4864864864864864,15,15,8.9009009009009,16,38.339285714285715,44.0,102.0,16.41274950221585,0.3134246528136236,0.840568317165108,0.9695399852174694,1.0,1.097892808751769,2.0032696624454704,55.5,55.5,5.0,5.0,SENS,M,CF2,RI3,TI3,R02,SENS_R02,0.9695399852174694
Unknown,CB1_SENS_M_CF2_RI1_TI1_R03,15,127,10,2,2,6,182,0.35590551181102364,0.4,0.0,0.0,0.3,0.4,0.5,0.0,0.12909944487358055,0.5,0.5,0.08164965809277258,0.4,0.6,0.32570308047875335,0.32659863237109044,0.36615559847225687,0.4098601255933566,60.81194690265487,0.3737166324435318,1.4330708661417322,1.4330708661417322,15,15,9.31496062992126,18,8.729166666666666,8.0,23.0,4.420920296930154,0.348187040092351,0.20879071208317762,0.9507309624518443,1.0,0.27656048975218034,0.49990177174664385,63.5,63.5,5.0,5.0,SENS,M,CF2,RI1,TI1,R03,SENS_R03,0.9507309624518443
Unknown,CB1_SENS_M_CF2_RI1_TI2_R03,15,127,10,2,2,6,182,0.35590551181102364,0.4,0.0,0.0,0.3,0.4,0.5,0.0,0.12909944487358055,0.5,0.5,0.08164965809277258,0.4,0.6,0.32570308047875335,0.32659863237109044,0.36615559847225687,0.4098601255933566,60.81194690265487,0.3737166324435318,1.4330708661417322,1.4330708661417322,15,15,9.31496062992126,18,8.729166666666666,8.0,23.0,4.420920296930154,0.348187040092351,0.20879071208317762,0.9507309624518443,1.0,0.5506747442141694,0.9998035434932877,63.5,63.5,5.0,5.0,SENS,M,CF2,RI1,TI2,R03,SENS_R03,0.9507309624518443
Unknown,CB1_SENS_M_CF2_RI1_TI3_R03,15,127,10,2,2,6,182,0.35590551181102364,0.4,0.0,0.0,0.3,0.4,0.5,0.0,0.12909944487358055,0.5,0.5,0.08164965809277258,0.4,0.6,0.32570308047875335,0.32659863237109044,0.36615559847225687,0.4098601255933566,60.81194690265487,0.3737166324435318,1.4330708661417322,1.4330708661417322,15,15,9.31496062992126,18,8.729166666666666,8.0,23.0,4.420920296930154,0.348187040092351,0.20879071208317762,0.9507309624518443,1.0,1.1013494884283388,1.9996070869865754,63.5,63.5,5.0,5.0,SENS,M,CF2,RI1,TI3,R03,SENS_R03,0.9507309624518443
Unknown,CB1_SENS_M_CF2_RI2_TI1_R03,15,127,10,2,2,6,182,0.35590551181102364,0.4,0.0,0.0,0.3,0.4,0.5,0.0,0.12909944487358055,0.5,0.5,0.08164965809277258,0.4,0.6,0.32570308047875335,0.32659863237109044,0.36615559847225687,0.4098601255933566,60.81194690265487,0.3737166324435318,1.4330708661417322,1.4330708661417322,15,15,9.31496062992126,18,17.583333333333332,17.0,46.0,8.683074106630121,0.33950408236823937,0.4205712672988112,0.9507309624518443,1.0,0.27656048975218034,0.49990177174664385,63.5,63.5,5.0,5.0,SENS,M,CF2,RI2,TI1,R03,SENS_R03,0.9507309624518443
Unknown,CB1_SENS_M_CF2_RI2_TI2_R03,15,127,10,2,2,6,182,0.35590551181102364,0.4,0.0,0.0,0.3,0.4,0.5,0.0,0.12909944487358055,0.5,0.5,0.08164965809277258,0.4,0.6,0.32570308047875335,0.32659863237109044,0.36615559847225687,0.4098601255933566,60.81194690265487,0.3737166324435318,1.4330708661417322,1.4330708661417322,15,15,9.31496062992126,18,17.583333333333332,17.0,46.0,8.683074106630121,0.33950408236823937,0.4205712672988112,0.9507309624518443,1.0,0.5506747442141694,0.9998035434932877,63.5,63.5,5.0,5.0,SENS,M,CF2,RI2,TI2,R03,SENS_R03,0.9507309624518443
Unknown,CB1_SENS_M_CF2_RI2_TI3_R03,15,127,10,2,2,6,182,0.35590551181102364,0.4,0.0,0.0,0.3,0.4,0.5,0.0,0.12909944487358055,0.5,0.5,0.08164965809277258,0.4,0.6,0.32570308047875335,0.32659863237109044,0.36615559847225687,0.4098601255933566,60.81194690265487,0.3737166324435318,1.4330708661417322,1.4330708661417322,15,15,9.31496062992126,18,17.583333333333332,17.0,46.0,8.683074106630121,0.33950408236823937,0.4205712672988112,0.9507309624518443,1.0,1.1013494884283388,1.9996070869865754,63.5,63.5,5.0,5.0,SENS,M,CF2,RI2,TI3,R03,SENS_R03,0.9507309624518443
Unknown,CB1_SENS_M_CF2_RI3_TI1_R03,15,127,10,2,2,6,182,0.35590551181102364,0.4,0.0,0.0,0.3,0.4,0.5,0.0,0.12909944487358055,0.5,0.5,0.08164965809277258,0.4,0.6,0.32570308047875335,0.32659863237109044,0.36615559847225687,0.4098601255933566,60.81194690265487,0.3737166324435318,1.4330708661417322,1.4330708661417322,15,15,9.31496062992126,18,35.166666666666664,34.0,92.0,17.366148213260242,0.33950408236823937,0.8411425345976224,0.9507309624518443,1.0,0.27656048975218034,0.49990177174664385,63.5,63.5,5.0,5.0,SENS,M,CF2,RI3,TI1,R03,SENS_R03,0.9507309624518443
Unknown,CB1_SENS_M_CF2_RI3_TI2_R03,15,127,10,2,2,6,182,0.35590551181102364,0.4,0.0,0.0,0.3,0.4,0.5,0.0,0.12909944487358055,0.5,0.5,0.08164965809277258,0.4,0.6,0.32570308047875335,0.32659863237109044,0.36615559847225687,0.4098601255933566,60.81194690265487,0.3737166324435318,1.4330708661417322,1.4330708661417322,15,15,9.31496062992126,18,35.166666666666664,34.0,92.0,17.366148213260242,0.33950408236823937,0.8411425345976224,0.9507309624518443,1.0,0.5506747442141694,0.9998035434932877,63.5,63.5,5.0,5.0,SENS,M,CF2,RI3,TI2,R03,SENS_R03,0.9507309624518443
Unknown,CB1_SENS_M_CF2_RI3_TI3_R03,15,127,10,2,2,6,182,0.35590551181102364,0.4,0.0,0.0,0.3,0.4,0.5,0.0,0.12909944487358055,0.5,0.5,0.08164965809277258,0.4,0.6,0.32570308047875335,0.32659863237109044,0.36615559847225687,0.4098601255933566,60.81194690265487,0.3737166324435318,1.4330708661417322,1.4330708661417322,15,15,9.31496062992126,18,35.166666666666664,34.0,92.0,17.366148213260242,0.33950408236823937,0.8411425345976224,0.9507309624518443,1.0,1.1013494884283388,1.9996070869865754,63.5,63.5,5.0,5.0,SENS,M,CF2,RI3,TI3,R03,SENS_R03,0.9507309624518443
Unknown,CB1_SENS_M_CF2_RI1_TI1_R04,15,130,10,2,2,6,183,0.3515384615384615,0.4,0.0,0.0,0.3,0.4,0.5,0.0,0.21081851067789195,0.5,0.5,0.08164965809277258,0.4,0.6,0.3268952406288025,0.32713317321034935,0.36686018131525683,0.40986926882864133,62.223194748358864,0.3588235294117647,1.4076923076923078,1.4076923076923078,15,15,9.238461538461538,18,9.330188679245284,10.5,22.0,4.502903803023087,0.3460269858743727,0.20913676881047746,0.9566309256320911,1.0,0.2744053923033194,0.4974029399352933,65.0,65.0,5.0,5.0,SENS,M,CF2,RI1,TI1,R04,SENS_R04,0.9566309256320911
Unknown,CB1_SENS_M_CF2_RI1_TI2_R04,15,130,10,2,2,6,183,0.3515384615384615,0.4,0.0,0.0,0.3,0.4,0.5,0.0,0.21081851067789195,0.5,0.5,0.08164965809277258,0.4,0.6,0.3268952406288025,0.32713317321034935,0.36686018131525683,0.40986926882864133,62.223194748358864,0.3588235294117647,1.4076923076923078,1.4076923076923078,15,15,9.238461538461538,18,9.330188679245284,10.5,22.0,4.502903803023087,0.3460269858743727,0.20913676881047746,0.9566309256320911,1.0,0.5506702596754899,0.9988236742157828,65.0,65.0,5.0,5.0,SENS,M,CF2,RI1,TI2,R04,SENS_R04,0.9566309256320911
Unknown,CB1_SENS_M_CF2_RI1_TI3_R04,15,130,10,2,2,6,183,0.3515384615384615,0.4,0.0,0.0,0.3,0.4,0.5,0.0,0.21081851067789195,0.5,0.5,0.08164965809277258,0.4,0.6,0.3268952406288025,0.32713317321034935,0.36686018131525683,0.40986926882864133,62.223194748358864,0.3588235294117647,1.4076923076923078,1.4076923076923078,15,15,9.238461538461538,18,9.330188679245284,10.5,22.0,4.502903803023087,0.3460269858743727,0.20913676881047746,0.9566309256320911,1.0,1.1013405193509798,1.9976473484315656,65.0,65.0,5.0,5.0,SENS,M,CF2,RI1,TI3,R04,SENS_R04,0.9566309256320911
Unknown,CB1_SENS_M_CF2_RI2_TI1_R04,15,130,10,2,2,6,183,0.3515384615384615,0.4,0.0,0.0,0.3,0.4,0.5,0.0,0.21081851067789195,0.5,0.5,0.08164965809277258,0.4,0.6,0.3268952406288025,0.32713317321034935,0.36686018131525683,0.40986926882864133,62.223194748358864,0.3588235294117647,1.4076923076923078,1.4076923076923078,15,15,9.238461538461538,18,18.58490566037736,21.0,43.0,8.798569198716251,0.33943718736164213,0.41658183473876703,0.9566309256320911,1.0,0.2744053923033194,0.4974029399352933,65.0,65.0,5.0,5.0,SENS,M,CF2,RI2,TI1,R04,SENS_R04,0.9566309256320911
Unknown,CB1_SENS_M_CF2_RI2_TI2_R04,15,130,10,2,2,6,183,0.3515384615384615,0.4,0.0,0.0,0.3,0.4,0.5,0.0,0.21081851067789195,0.5,0.5,0.08164965809277258,0.4,0.6,0.3268952406288025,0.32713317321034935,0.36686018131525683,0.40986926882864133,62.223194748358864,0.3588235294117647,1.4076923076923078,1.4076923076923078,15,15,9.238461538461538,18,18.58490566037736,21.0,43.0,8.798569198716251,0.33943718736164213,0.41658183473876703,0.9566309256320911,1.0,0.5506702596754899,0.9988236742157828,65.0,65.0,5.0,5.0,SENS,M,CF2,RI2,TI2,R04,SENS_R04,0.9566309256320911
Unknown,CB1_SENS_M_CF2_RI2_TI3_R04,15,130,10,2,2,6,183,0.3515384615384615,0.4,0.0,0.0,0.3,0.4,0.5,0.0,0.21081851067789195,0.5,0.5,0.08164965809277258,0.4,0.6,0.3268952406288025,0.32713317321034935,0.36686018131525683,0.40986926882864133,62.223194748358864,0.3588235294117647,1.4076923076923078,1.4076923076923078,15,15,9.238461538461538,18,18.58490566037736,21.0,43.0,8.798569198716251,0.33943718736164213,0.41658183473876703,0.9566309256320911,1.0,1.1013405193509798,1.9976473484315656,65.0,65.0,5.0,5.0,SENS,M,CF2,RI2,TI3,R04,SENS_R04,0.9566309256320911
Unknown,CB1_SENS_M_CF2_RI3_TI1_R04,15,130,10,2,2,6,183,0.3515384615384615,0.4,0.0,0.0,0.3,0.4,0.5,0.0,0.21081851067789195,0.5,0.5,0.08164965809277258,0.4,0.6,0.3268952406288025,0.32713317321034935,0.36686018131525683,0.40986926882864133,62.223194748358864,0.3588235294117647,1.4076923076923078,1.4076923076923078,15,15,9.238461538461538,18,37.16981132075472,42.0,86.0,17.597138397432502,0.33943718736164213,0.8331636694775341,0.9566309256320911,1.0,0.2744053923033194,0.4974029399352933,65.0,65.0,5.0,5.0,SENS,M,CF2,RI3,TI1,R04,SENS_R04,0.9566309256320911
Unknown,CB1_SENS_M_CF2_RI3_TI2_R04,15,130,10,2,2,6,183,0.3515384615384615,0.4,0.0,0.0,0.3,0.4,0.5,0.0,0.21081851067789195,0.5,0.5,0.08164965809277258,0.4,0.6,0.3268952406288025,0.32713317321034935,0.36686018131525683,0.40986926882864133,62.223194748358864,0.3588235294117647,1.4076923076923078,1.4076923076923078,15,15,9.238461538461538,18,37.16981132075472,42.0,86.0,17.597138397432502,0.33943718736164213,0.8331636694775341,0.9566309256320911,1.0,0.5506702596754899,0.9988236742157828,65.0,65.0,5.0,5.0,SENS,M,CF2,RI3,TI2,R04,SENS_R04,0.9566309256320911
Unknown,CB1_SENS_M_CF2_RI3_TI3_R04,15,130,10,2,2,6,183,0.3515384615384615,0.4,0.0,0.0,0.3,0.4,0.5,0.0,0.21081851067789195,0.5,0.5,0.08164965809277258,0.4,0.6,0.3268952406288025,0.32713317321034935,0.36686018131525683,0.40986926882864133,62.223194748358864,0.3588235294117647,1.4076923076923078,1.4076923076923078,15,15,9.238461538461538,18,37.16981132075472,42.0,86.0,17.597138397432502,0.33943718736164213,0.8331636694775341,0.9566309256320911,1.0,1.1013405193509798,1.9976473484315656,65.0,65.0,5.0,5.0,SENS,M,CF2,RI3,TI3,R04,SENS_R04,0.9566309256320911
Unknown,CB1_SENS_M_CF2_RI1_TI1_R05,15,127,10,2,2,6,184,0.3456692913385827,0.3,0.0,0.0,0.3,0.4,0.5,0.0,0.14907119849998599,0.5,0.5,0.08164965809277258,0.4,0.6,0.32532267444485713,0.3237831269196155,0.37329783758672874,0.41405859069674567,60.913439635535305,0.37782340862423,1.4488188976377954,1.4488188976377954,15,15,9.118110236220472,18,8.816326530612244,9.0,24.0,4.964754669400659,0.3907445804620889,0.20858914599084463,0.9770602035288649,1.0,0.2736575308723627,0.500710519427097,63.5,63.5,5.0,5.0,SENS,M,CF2,RI1,TI1,R05,SENS_R05,0.9770602035288649
Unknown,CB1_SENS_M_CF2_RI1_TI2_R05,15,127,10,2,2,6,184,0.3456692913385827,0.3,0.0,0.0,0.3,0.4,0.5,0.0,0.14907119849998599,0.5,0.5,0.08164965809277258,0.4,0.6,0.32532267444485713,0.3237831269196155,0.37329783758672874,0.41405859069674567,60.913439635535305,0.37782340862423,1.4488188976377954,1.4488188976377954,15,15,9.118110236220472,18,8.816326530612244,9.0,24.0,4.964754669400659,0.3907445804620889,0.20858914599084463,0.9770602035288649,1.0,0.5496215456439968,1.0038835496054748,63.5,63.5,5.0,5.0,SENS,M,CF2,RI1,TI2,R05,SENS_R05,0.9770602035288649
Unknown,CB1_SENS_M_CF2_RI1_TI3_R05,15,127,10,2,2,6,184,0.3456692913385827,0.3,0.0,0.0,0.3,0.4,0.5,0.0,0.14907119849998599,0.5,0.5,0.08164965809277258,0.4,0.6,0.32532267444485713,0.3237831269196155,0.37329783758672874,0.41405859069674567,60.913439635535305,0.37782340862423,1.4488188976377954,1.4488188976377954,15,15,9.118110236220472,18,8.816326530612244,9.0,24.0,4.964754669400659,0.3907445804620889,0.20858914599084463,0.9770602035288649,1.0,1.0992430912879936,2.0077670992109495,63.5,63.5,5.0,5.0,SENS,M,CF2,RI1,TI3,R05,SENS_R05,0.9770602035288649
Unknown,CB1_SENS_M_CF2_RI2_TI1_R05,15,127,10,2,2,6,184,0.3456692913385827,0.3,0.0,0.0,0.3,0.4,0.5,0.0,0.14907119849998599,0.5,0.5,0.08164965809277258,0.4,0.6,0.32532267444485713,0.3237831269196155,0.37329783758672874,0.41405859069674567,60.913439635535305,0.37782340862423,1.4488188976377954,1.4488188976377954,15,15,9.118110236220472,18,17.632653061224488,18.0,48.0,9.929509338801317,0.3907445804620889,0.41717829198168926,0.9770602035288649,1.0,0.2736575308723627,0.500710519427097,63.5,63.5,5.0,5.0,SENS,M,CF2,RI2,TI1,R05,SENS_R05,0.9770602035288649
Unknown,CB1_SENS_M_CF2_RI2_TI2_R05,15,127,10,2,2,6,184,0.3456692913385827,0.3,0.0,0.0,0.3,0.4,0.5,0.0,0.14907119849998599,0.5,0.5,0.08164965809277258,0.4,0.6,0.32532267444485713,0.3237831269196155,0.37329783758672874,0.41405859069674567,60.913439635535305,0.37782340862423,1.4488188976377954,1.4488188976377954,15,15,9.118110236220472,18,17.632653061224488,18.0,48.0,9.929509338801317,0.3907445804620889,0.41717829198168926,0.9770602035288649,1.0,0.5496215456439968,1.0038835496054748,63.5,63.5,5.0,5.0,SENS,M,CF2,RI2,TI2,R05,SENS_R05,0.9770602035288649
Unknown,CB1_SENS_M_CF2_RI2_TI3_R05,15,127,10,2,2,6,184,0.3456692913385827,0.3,0.0,0.0,0.3,0.4,0.5,0.0,0.14907119849998599,0.5,0.5,0.08164965809277258,0.4,0.6,0.32532267444485713,0.3237831269196155,0.37329783758672874,0.41405859069674567,60.913439635535305,0.37782340862423,1.4488188976377954,1.4488188976377954,15,15,9.118110236220472,18,17.632653061224488,18.0,48.0,9.929509338801317,0.3907445804620889,0.41717829198168926,0.9770602035288649,1.0,1.0992430912879936,2.0077670992109495,63.5,63.5,5.0,5.0,SENS,M,CF2,RI2,TI3,R05,SENS_R05,0.9770602035288649
Unknown,CB1_SENS_M_CF2_RI3_TI1_R05,15,127,10,2,2,6,184,0.3456692913385827,0.3,0.0,0.0,0.3,0.4,0.5,0.0,0.14907119849998599,0.5,0.5,0.08164965809277258,0.4,0.6,0.32532267444485713,0.3237831269196155,0.37329783758672874,0.41405859069674567,60.913439635535305,0.37782340862423,1.4488188976377954,1.4488188976377954,15,15,9.118110236220472,18,35.265306122448976,36.0,96.0,19.859018677602634,0.3907445804620889,0.8343565839633785,0.9770602035288649,1.0,0.2736575308723627,0.500710519427097,63.5,63.5,5.0,5.0,SENS,M,CF2,RI3,TI1,R05,SENS_R05,0.9770602035288649
Unknown,CB1_SENS_M_CF2_RI3_TI2_R05,15,127,10,2,2,6,184,0.3456692913385827,0.3,0.0,0.0,0.3,0.4,0.5,0.0,0.14907119849998599,0.5,0.5,0.08164965809277258,0.4,0.6,0.32532267444485713,0.3237831269196155,0.37329783758672874,0.41405859069674567,60.913439635535305,0.37782340862423,1.4488188976377954,1.4488188976377954,15,15,9.118110236220472,18,35.265306122448976,36.0,96.0,19.859018677602634,0.3907445804620889,0.8343565839633785,0.9770602035288649,1.0,0.5496215456439968,1.0038835496054748,63.5,63.5,5.0,5.0,SENS,M,CF2,RI3,TI2,R05,SENS_R05,0.9770602035288649
Unknown,CB1_SENS_M_CF2_RI3_TI3_R05,15,127,10,2,2,6,184,0.3456692913385827,0.3,0.0,0.0,0.3,0.4,0.5,0.0,0.14907119849998599,0.5,0.5,0.08164965809277258,0.4,0.6,0.32532267444485713,0.3237831269196155,0.37329783758672874,0.41405859069674567,60.913439635535305,0.37782340862423,1.4488188976377954,1.4488188976377954,15,15,9.118110236220472,18,35.265306122448976,36.0,96.0,19.859018677602634,0.3907445804620889,0.8343565839633785,0.9770602035288649,1.0,1.0992430912879936,2.0077670992109495,63.5,63.5,5.0,5.0,SENS,M,CF2,RI3,TI3,R05,SENS_R05,0.9770602035288649
